
> rest-express@1.0.0 test
> node scripts/run-tests.mjs

TAP version 13
# Subtest: server-saved records cannot be fetched into an unassigned local context
ok 1 - server-saved records cannot be fetched into an unassigned local context
  ---
  duration_ms: 40.5047
  ...
# Subtest: a protected operation binds both workspace and the noncredential session epoch
ok 2 - a protected operation binds both workspace and the noncredential session epoch
  ---
  duration_ms: 1.8068
  ...
# Subtest: a multi-step save cannot use a fresh cookie to finish a previous account operation
ok 3 - a multi-step save cannot use a fresh cookie to finish a previous account operation
  ---
  duration_ms: 10.3061
  ...
# Subtest: a response body resolving after an account change cannot become a private record
ok 4 - a response body resolving after an account change cannot become a private record
  ---
  duration_ms: 2.1588
  ...
# Subtest: invalidation supersedes an in-flight session read without leaving the account permanently checking
ok 5 - invalidation supersedes an in-flight session read without leaving the account permanently checking
  ---
  duration_ms: 1.5558
  ...
# Subtest: an account button initiated as A never performs the action after preflight discovers B
ok 6 - an account button initiated as A never performs the action after preflight discovers B
  ---
  duration_ms: 0.9801
  ...
# Subtest: same-identity revalidation resumes only the context suspended in this page
ok 7 - same-identity revalidation resumes only the context suspended in this page
  ---
  duration_ms: 1.3311
  ...
# Subtest: failed local checkpoint retains memory and original bytes without clearing another draft
ok 8 - failed local checkpoint retains memory and original bytes without clearing another draft
  ---
  duration_ms: 1.2796
  ...
# Subtest: context storage cannot silently read the unassigned draft or a different principal workspace
ok 9 - context storage cannot silently read the unassigned draft or a different principal workspace
  ---
  duration_ms: 0.6759
  ...
# Subtest: a protected action waiting for revalidation cannot acquire a newly resumed context
ok 10 - a protected action waiting for revalidation cannot acquire a newly resumed context
  ---
  duration_ms: 0.9034
  ...
# Subtest: a checkpoint after an initially denied storage read cannot mask an unread older recovery key
ok 11 - a checkpoint after an initially denied storage read cannot mask an unread older recovery key
  ---
  duration_ms: 0.7978
  ...
# Subtest: a quota-only failure after validated hydration can checkpoint the exact retained draft when storage recovers
ok 12 - a quota-only failure after validated hydration can checkpoint the exact retained draft when storage recovers
  ---
  duration_ms: 9.5954
  ...
# Subtest: OIDC configuration requires every trusted server binding and never uses ambient identity hints
ok 13 - OIDC configuration requires every trusted server binding and never uses ambient identity hints
  ---
  duration_ms: 1.6615
  ...
# Subtest: OIDC configuration rejects insecure URLs, dynamic discovery, redirects and invalid credentials
ok 14 - OIDC configuration rejects insecure URLs, dynamic discovery, redirects and invalid credentials
  ---
  duration_ms: 0.6676
  ...
# Subtest: confidential client methods require an explicit secret and retain exact issuer/subject trust
ok 15 - confidential client methods require an explicit secret and retain exact issuer/subject trust
  ---
  duration_ms: 0.2089
  ...
# Subtest: OIDC return targets are a fixed application route allowlist
ok 16 - OIDC return targets are a fixed application route allowlist
  ---
  duration_ms: 0.1777
  ...
# Subtest: door hand follows back-to-hinge facing-latch convention and encodes losslessly
ok 17 - door hand follows back-to-hinge facing-latch convention and encodes losslessly
  ---
  duration_ms: 0.9087
  ...
# Subtest: reversing swing keeps the stored hinge while displayed hand changes
ok 18 - reversing swing keeps the stored hinge while displayed hand changes
  ---
  duration_ms: 0.2211
  ...
# Subtest: top wall preserves saved opening bar, swing origin and rotation
ok 19 - top wall preserves saved opening bar, swing origin and rotation
  ---
  duration_ms: 0.9372
  ...
# Subtest: right wall preserves saved opening bar, swing origin and rotation
ok 20 - right wall preserves saved opening bar, swing origin and rotation
  ---
  duration_ms: 0.1411
  ...
# Subtest: bottom wall preserves saved opening bar, swing origin and rotation
ok 21 - bottom wall preserves saved opening bar, swing origin and rotation
  ---
  duration_ms: 0.125
  ...
# Subtest: left wall preserves saved opening bar, swing origin and rotation
ok 22 - left wall preserves saved opening bar, swing origin and rotation
  ---
  duration_ms: 0.1132
  ...
# Subtest: stored right / inward keeps the leaf and closes only its actual quarter-circle sector
ok 23 - stored right / inward keeps the leaf and closes only its actual quarter-circle sector
  ---
  duration_ms: 0.2647
  ...
# Subtest: stored right / outward keeps the leaf and closes only its actual quarter-circle sector
ok 24 - stored right / outward keeps the leaf and closes only its actual quarter-circle sector
  ---
  duration_ms: 0.2866
  ...
# Subtest: stored left / inward keeps the leaf and closes only its actual quarter-circle sector
ok 25 - stored left / inward keeps the leaf and closes only its actual quarter-circle sector
  ---
  duration_ms: 0.2407
  ...
# Subtest: stored left / outward keeps the leaf and closes only its actual quarter-circle sector
ok 26 - stored left / outward keeps the leaf and closes only its actual quarter-circle sector
  ---
  duration_ms: 0.2136
  ...
# Subtest: top wall puts both hinges and open leaves on the correct physical sides
ok 27 - top wall puts both hinges and open leaves on the correct physical sides
  ---
  duration_ms: 0.3995
  ...
# Subtest: right wall puts both hinges and open leaves on the correct physical sides
ok 28 - right wall puts both hinges and open leaves on the correct physical sides
  ---
  duration_ms: 0.3156
  ...
# Subtest: bottom wall puts both hinges and open leaves on the correct physical sides
ok 29 - bottom wall puts both hinges and open leaves on the correct physical sides
  ---
  duration_ms: 0.2457
  ...
# Subtest: left wall puts both hinges and open leaves on the correct physical sides
ok 30 - left wall puts both hinges and open leaves on the correct physical sides
  ---
  duration_ms: 0.2393
  ...
# Subtest: legacy doors keep the historical 40-pixel bar and 60-pixel swing without adding metadata
ok 31 - legacy doors keep the historical 40-pixel bar and 60-pixel swing without adding metadata
  ---
  duration_ms: 0.3501
  ...
# Subtest: fractional explicit widths control geometry without normalizing saved size, position or metadata
ok 32 - fractional explicit widths control geometry without normalizing saved size, position or metadata
  ---
  duration_ms: 0.2759
  ...
# Subtest: all existing door styles retain the same stored geometry and style metadata
ok 33 - all existing door styles retain the same stored geometry and style metadata
  ---
  duration_ms: 0.2345
  ...
# Subtest: default door properties are fresh objects so previews cannot mutate later doors
ok 34 - default door properties are fresh objects so previews cannot mutate later doors
  ---
  duration_ms: 0.2579
  ...
# Subtest: opening wins over its selected parent; undo restores every property and leaves later edits
ok 35 - opening wins over its selected parent; undo restores every property and leaves later edits
  ---
  duration_ms: 1.6251
  ...
# Subtest: room recovery restores original ordering and all nested openings without replacing other edits
ok 36 - room recovery restores original ordering and all nested openings without replacing other edits
  ---
  duration_ms: 0.201
  ...
# Subtest: stale opening selection cannot fall through to deleting a room
ok 37 - stale opening selection cannot fall through to deleting a room
  ---
  duration_ms: 0.1536
  ...
# Subtest: Q-001 is fully specified, non-overlapping geometry without calculating totals
ok 38 - Q-001 is fully specified, non-overlapping geometry without calculating totals
  ---
  duration_ms: 10.8225
  ...
# Subtest: top uses clockwise center and the correct axis at noncentral/tolerance bounds
ok 39 - top uses clockwise center and the correct axis at noncentral/tolerance bounds
  ---
  duration_ms: 10.0191
  ...
# Subtest: right uses clockwise center and the correct axis at noncentral/tolerance bounds
ok 40 - right uses clockwise center and the correct axis at noncentral/tolerance bounds
  ---
  duration_ms: 4.6738
  ...
# Subtest: bottom uses clockwise center and the correct axis at noncentral/tolerance bounds
ok 41 - bottom uses clockwise center and the correct axis at noncentral/tolerance bounds
  ---
  duration_ms: 5.541
  ...
# Subtest: left uses clockwise center and the correct axis at noncentral/tolerance bounds
ok 42 - left uses clockwise center and the correct axis at noncentral/tolerance bounds
  ---
  duration_ms: 3.2277
  ...
# Subtest: opening top at ceiling, inside tolerance and outside tolerance
ok 43 - opening top at ceiling, inside tolerance and outside tolerance
  ---
  duration_ms: 1.8637
  ...
# Subtest: zero, missing and negative sill remain distinct
ok 44 - zero, missing and negative sill remain distinct
  ---
  duration_ms: 5.39
  ...
# Subtest: explicit floor-level opening requires zero sill within tolerance
ok 45 - explicit floor-level opening requires zero sill within tolerance
  ---
  duration_ms: 3.2124
  ...
# Subtest: actual overlap requires horizontal AND vertical intersection
ok 46 - actual overlap requires horizontal AND vertical intersection
  ---
  duration_ms: 3.3023
  ...
# Subtest: horizontal touching and overlap tolerance boundaries
ok 47 - horizontal touching and overlap tolerance boundaries
  ---
  duration_ms: 4.5957
  ...
# Subtest: vertical touching and overlap tolerance boundaries
ok 48 - vertical touching and overlap tolerance boundaries
  ---
  duration_ms: 3.7969
  ...
# Subtest: missing or unresolved extents yield undetermined fit and overlap
ok 49 - missing or unresolved extents yield undetermined fit and overlap
  ---
  duration_ms: 3.9647
  ...
# Subtest: shared opening validates each room independently without layout adjacency
ok 50 - shared opening validates each room independently without layout adjacency
  ---
  duration_ms: 3.3334
  ...
# Subtest: two faces of the same room are an unsupported shared relationship
ok 51 - two faces of the same room are an unsupported shared relationship
  ---
  duration_ms: 1.258
  ...
# Subtest: resize recomputes geometry without moving openings or changing evidence
ok 52 - resize recomputes geometry without moving openings or changing evidence
  ---
  duration_ms: 2.289
  ...
# Subtest: structural invalid dimensions, references and duplicate attachments are findings
ok 53 - structural invalid dimensions, references and duplicate attachments are findings
  ---
  duration_ms: 11.2514
  ...
# Subtest: malformed attachments return diagnostics rather than throwing
ok 54 - malformed attachments return diagnostics rather than throwing
  ---
  duration_ms: 2.3626
  ...
# Subtest: nonfinite derived horizontal/vertical extents cannot pass
ok 55 - nonfinite derived horizontal/vertical extents cannot pass
  ---
  duration_ms: 1.8535
  ...
# Subtest: legacy out-of-bounds and unknown measurements remain preserved and v2 reprocessable
ok 56 - legacy out-of-bounds and unknown measurements remain preserved and v2 reprocessable
  ---
  duration_ms: 6.5219
  ...
# Subtest: validation of frozen input is deterministic and separate from confirmation
ok 57 - validation of frozen input is deterministic and separate from confirmation
  ---
  duration_ms: 2.5676
  ...
# Subtest: small-coordinate horizontal and vertical overlap honor the exact 0.01mm boundary
ok 58 - small-coordinate horizontal and vertical overlap honor the exact 0.01mm boundary
  ---
  duration_ms: 7.2363
  ...
# Subtest: mutating a report cannot change later validation scopes or the document
ok 59 - mutating a report cannot change later validation scopes or the document
  ---
  duration_ms: 3.4993
  ...
# Subtest: small-coordinate start bounds honor exact tolerance on every wall orientation
ok 60 - small-coordinate start bounds honor exact tolerance on every wall orientation
  ---
  duration_ms: 6.6866
  ...
# Subtest: legacy POST, GET, partial rename, geometry update and delete round-trip without normalization
ok 61 - legacy POST, GET, partial rename, geometry update and delete round-trip without normalization
  ---
  duration_ms: 268.2463
  ...
# Subtest: empty sketches and legacy date strings remain supported
ok 62 - empty sketches and legacy date strings remain supported
  ---
  duration_ms: 26.9603
  ...
# Subtest: invalid nested creates and updates never reach storage or mutate saved sketches
ok 63 - invalid nested creates and updates never reach storage or mutate saved sketches
  ---
  duration_ms: 176.1298
  ...
# Subtest: NaN and infinity are rejected by the adapter and overflowing JSON numbers by HTTP routes
ok 64 - NaN and infinity are rejected by the adapter and overflowing JSON numbers by HTTP routes
  ---
  duration_ms: 14.6899
  ...
# Subtest: malformed route IDs cannot read, update or delete a different plan
ok 65 - malformed route IDs cannot read, update or delete a different plan
  ---
  duration_ms: 48.0426
  ...
# Subtest: storage failures report retryable server failure without exposing internals or losing existing data
ok 66 - storage failures report retryable server failure without exposing internals or losing existing data
  ---
  duration_ms: 27.9162
  ...
# Subtest: malformed JSON and oversized bodies do not write, expose input or stop the service
ok 67 - malformed JSON and oversized bodies do not write, expose input or stop the service
  ---
  duration_ms: 34.8568
  ...
# Subtest: unexpected middleware errors return a generic response and the service continues
ok 68 - unexpected middleware errors return a generic response and the service continues
  ---
  duration_ms: 7.8428
  ...
# Subtest: legacy 240 by 200 pixels converts to 12 by 10 feet independently of ceiling height
ok 69 - legacy 240 by 200 pixels converts to 12 by 10 feet independently of ceiling height
  ---
  duration_ms: 14.9285
  ...
# Subtest: entered 32-inch door uses inches and imported provenance stays unconfirmed
ok 70 - entered 32-inch door uses inches and imported provenance stays unconfirmed
  ---
  duration_ms: 3.2712
  ...
# Subtest: missing opening heights and all unrecorded sills remain unknown
ok 71 - missing opening heights and all unrecorded sills remain unknown
  ---
  duration_ms: 4.1972
  ...
# Subtest: conflicting widths yield review candidates without selecting or mutating a width
ok 72 - conflicting widths yield review candidates without selecting or mutating a width
  ---
  duration_ms: 3.3064
  ...
# Subtest: clockwise physical center preserves legacy top wall position and width
ok 73 - clockwise physical center preserves legacy top wall position and width
  ---
  duration_ms: 3.1792
  ...
# Subtest: clockwise physical center preserves legacy right wall position and width
ok 74 - clockwise physical center preserves legacy right wall position and width
  ---
  duration_ms: 3.9756
  ...
# Subtest: clockwise physical center preserves legacy bottom wall position and width
ok 75 - clockwise physical center preserves legacy bottom wall position and width
  ---
  duration_ms: 1.7451
  ...
# Subtest: clockwise physical center preserves legacy left wall position and width
ok 76 - clockwise physical center preserves legacy left wall position and width
  ---
  duration_ms: 2.2893
  ...
# Subtest: legacy corner positions are preserved without clamping or rejecting old sketches
ok 77 - legacy corner positions are preserved without clamping or rejecting old sketches
  ---
  duration_ms: 6.9254
  ...
# Subtest: IDs, ordering, names, metadata, all styles and both swings survive
ok 78 - IDs, ordering, names, metadata, all styles and both swings survive
  ---
  duration_ms: 2.1913
  ...
# Subtest: original and output metadata are detached from input and from each other
ok 79 - original and output metadata are detached from input and from each other
  ---
  duration_ms: 2.6881
  ...
# Subtest: own __proto__ JSON keys survive every legacy metadata level without prototype pollution
ok 80 - own __proto__ JSON keys survive every legacy metadata level without prototype pollution
  ---
  duration_ms: 1.6106
  ...
# Subtest: older doors without properties retain size basis and flag renderer fallbacks
ok 81 - older doors without properties retain size basis and flag renderer fallbacks
  ---
  duration_ms: 0.7413
  ...
# Subtest: v2 reruns retain edited physical values, zero sill, IDs and review state without rescaling
ok 82 - v2 reruns retain edited physical values, zero sill, IDs and review state without rescaling
  ---
  duration_ms: 8.4289
  ...
# Subtest: version dispatch supports unversioned/1 and explicitly rejects unknown versions
ok 83 - version dispatch supports unversioned/1 and explicitly rejects unknown versions
  ---
  duration_ms: 4.5408
  ...
# Subtest: non-JSON, malformed legacy input and overflow return explicit invalid results
ok 84 - non-JSON, malformed legacy input and overflow return explicit invalid results
  ---
  duration_ms: 2.8399
  ...
# Subtest: v2 structural schemas reject invalid IDs, wall order and attachment references
ok 85 - v2 structural schemas reject invalid IDs, wall order and attachment references
  ---
  duration_ms: 35.9003
  ...
# Subtest: wall IDs are deterministic, distinct and do not collide with preserved IDs
ok 86 - wall IDs are deterministic, distinct and do not collide with preserved IDs
  ---
  duration_ms: 4.975
  ...
# Subtest: viewport zoom/pan metadata does not affect physical conversion
ok 87 - viewport zoom/pan metadata does not affect physical conversion
  ---
  duration_ms: 4.2678
  ...
# Subtest: conversion quantity comparison reuses the verified M1 calculator
ok 88 - conversion quantity comparison reuses the verified M1 calculator
  ---
  duration_ms: 2.0611
  ...
# Subtest: JSON depth limits cannot produce a v2 document that fails on reprocessing
ok 89 - JSON depth limits cannot produce a v2 document that fails on reprocessing
  ---
  duration_ms: 1.0327
  ...
# Subtest: M3B frozen v1 calculation and captured snapshot remain byte/content identical and verifiable
ok 90 - M3B frozen v1 calculation and captured snapshot remain byte/content identical and verifiable
  ---
  duration_ms: 238.898
  ...
# Subtest: M3B exact 12 by 10 ceiling-height acceptance keeps independent 120 square-foot surfaces
ok 91 - M3B exact 12 by 10 ceiling-height acceptance keeps independent 120 square-foot surfaces
  ---
  duration_ms: 66.3606
  ...
# Subtest: M3B proposed supported models keep dependent outputs provisional even with confirmed measurements
ok 92 - M3B proposed supported models keep dependent outputs provisional even with confirmed measurements
  ---
  duration_ms: 16.0522
  ...
# Subtest: M3B unknown imported applicability blocks only dependent work and names exact room/profile paths
ok 93 - M3B unknown imported applicability blocks only dependent work and names exact room/profile paths
  ---
  duration_ms: 17.5064
  ...
# Subtest: M3B unsupported ceiling never reuses projected floor area and preserves independent supported walls/casing
ok 94 - M3B unsupported ceiling never reuses projected floor area and preserves independent supported walls/casing
  ---
  duration_ms: 12.3262
  ...
# Subtest: M3B nonuniform walls block walls/casing and full-height crown gaps, not ordinary crown/floor runs
ok 95 - M3B nonuniform walls block walls/casing and full-height crown gaps, not ordinary crown/floor runs
  ---
  duration_ms: 135.4911
  ...
# Subtest: M3B crown-path declaration is independent of ceiling and wall applicability
ok 96 - M3B crown-path declaration is independent of ceiling and wall applicability
  ---
  duration_ms: 76.842
  ...
# Subtest: M3B partial selected totals expose unsupported rooms and retain provisional included subtotal
ok 97 - M3B partial selected totals expose unsupported rooms and retain provisional included subtotal
  ---
  duration_ms: 2.5815
  ...
# Subtest: M3B applicability and group contracts validate exact room ownership without inferring topology
ok 98 - M3B applicability and group contracts validate exact room ownership without inferring topology
  ---
  duration_ms: 15.7251
  ...
# Subtest: M3B special own room IDs retain typed applicability and prototype safety
ok 99 - M3B special own room IDs retain typed applicability and prototype safety
  ---
  duration_ms: 11.1201
  ...
# Subtest: M3B policy dispatch rejects missing, mismatched and downgrade attempts without source rewrites
ok 100 - M3B policy dispatch rejects missing, mismatched and downgrade attempts without source rewrites
  ---
  duration_ms: 23.362
  ...
# Subtest: M3B applicability readiness is detached and frozen engine results cannot mutate source declarations
ok 101 - M3B applicability readiness is detached and frozen engine results cannot mutate source declarations
  ---
  duration_ms: 15.1685
  ...
# Subtest: M3B fingerprints bind applicability values to geometry and declaration evidence only to content
ok 102 - M3B fingerprints bind applicability values to geometry and declaration evidence only to content
  ---
  duration_ms: 148.7669
  ...
# Subtest: M3B v2 snapshot confirmation gate, version agreement and independent integrity verification
ok 103 - M3B v2 snapshot confirmation gate, version agreement and independent integrity verification
  ---
  duration_ms: 483.6286
  ...
# Subtest: M3B shared openings use only the selected attachment wall applicability
ok 104 - M3B shared openings use only the selected attachment wall applicability
  ---
  duration_ms: 5.2074
  ...
# Subtest: legacy-pixels-v2 retains original bytes, IDs, groups, style/hinge and promotes only recorded window height
ok 105 - legacy-pixels-v2 retains original bytes, IDs, groups, style/hinge and promotes only recorded window height
  ---
  duration_ms: 14.1599
  ...
# Subtest: legacy v2 preserves width conflicts and clockwise non-midpoint bottom/left positions without altering v1
ok 106 - legacy v2 preserves width conflicts and clockwise non-midpoint bottom/left positions without altering v1
  ---
  duration_ms: 23.8125
  ...
# Subtest: unsupported or invalid import is rejected instead of partially edited
ok 107 - unsupported or invalid import is rejected instead of partially edited
  ---
  duration_ms: 19.6237
  ...
# Subtest: captured-v2 upgrade preserves current physical data and never reinterprets compatibility originals
ok 108 - captured-v2 upgrade preserves current physical data and never reinterprets compatibility originals
  ---
  duration_ms: 7.4278
  ...
# Subtest: Quick Rooms explicit copy retains raw pending text, old-unit context and measurement events independently
ok 109 - Quick Rooms explicit copy retains raw pending text, old-unit context and measurement events independently
  ---
  duration_ms: 4.7764
  ...
# Subtest: independent adopted drafts never merge equal room IDs or room names
ok 110 - independent adopted drafts never merge equal room IDs or room names
  ---
  duration_ms: 10.6592
  ...
# Subtest: room dimensions and height share one command/evidence stream and yield 120/120/352 then 396 walls
ok 111 - room dimensions and height share one command/evidence stream and yield 120/120/352 then 396 walls
  ---
  duration_ms: 63.3651
  ...
# Subtest: dirty raw text masks every dependent result, and clearing height preserves independent floor/ceiling
ok 112 - dirty raw text masks every dependent result, and clearing height preserves independent floor/ceiling
  ---
  duration_ms: 30.5129
  ...
# Subtest: switching units preserves raw context until valid commit/clear then releases it without changing evidence
ok 113 - switching units preserves raw context until valid commit/clear then releases it without changing evidence
  ---
  duration_ms: 12.4631
  ...
# Subtest: unsupported ceiling blocks its output independently of explicitly supported walls
ok 114 - unsupported ceiling blocks its output independently of explicitly supported walls
  ---
  duration_ms: 29.2583
  ...
# Subtest: stale revision or changed selection rejects the entire edit without changing either draft
ok 115 - stale revision or changed selection rejects the entire edit without changing either draft
  ---
  duration_ms: 1.1223
  ...
# Subtest: full registry recovery retains metadata, groups, openings, source evidence, raw context and settings
ok 116 - full registry recovery retains metadata, groups, openings, source evidence, raw context and settings
  ---
  duration_ms: 18.3135
  ...
# Subtest: own special IDs/metadata keys survive recovery without normalization or prototype mutation
ok 117 - own special IDs/metadata keys survive recovery without normalization or prototype mutation
  ---
  duration_ms: 1.4255
  ...
# Subtest: recovery rejects forged clean text, omitted fields, unknown authoritative totals and tampered action evidence
ok 118 - recovery rejects forged clean text, omitted fields, unknown authoritative totals and tampered action evidence
  ---
  duration_ms: 18.8342
  ...
# Subtest: physical snapshot identity cannot be presented as an active temporary revision
ok 119 - physical snapshot identity cannot be presented as an active temporary revision
  ---
  duration_ms: 11.436
  ...
# Subtest: store initializes lazily, touches only its own key and publishes stable immutable snapshots
ok 120 - store initializes lazily, touches only its own key and publishes stable immutable snapshots
  ---
  duration_ms: 10.8167
  ...
# Subtest: corrupt/unsupported recovery blocks adoption and preserves exact original bytes until explicit discard
ok 121 - corrupt/unsupported recovery blocks adoption and preserves exact original bytes until explicit discard
  ---
  duration_ms: 23.6622
  ...
# Subtest: denied reads allow memory use without writing unseen recovery bytes
ok 122 - denied reads allow memory use without writing unseen recovery bytes
  ---
  duration_ms: 22.1035
  ...
# Subtest: quota failure keeps newest edit in memory and old valid recovery intact
ok 123 - quota failure keeps newest edit in memory and old valid recovery intact
  ---
  duration_ms: 26.364
  ...
# Subtest: external stored changes are detected before write and never overwritten by stale in-memory registry
ok 124 - external stored changes are detected before write and never overwritten by stale in-memory registry
  ---
  duration_ms: 6.2631
  ...
# Subtest: failed discard preserves current memory and recovery; stale callback failure is visible and atomic
ok 125 - failed discard preserves current memory and recovery; stale callback failure is visible and atomic
  ---
  duration_ms: 8.6133
  ...
# Subtest: new-policy physical copies preserve valid declaration evidence and original source separately
ok 126 - new-policy physical copies preserve valid declaration evidence and original source separately
  ---
  duration_ms: 11.692
  ...
# Subtest: deleted Quick Rooms targets retain their historical action captures through adoption and recovery
ok 127 - deleted Quick Rooms targets retain their historical action captures through adoption and recovery
  ---
  duration_ms: 2.3584
  ...
# Subtest: M3B pointer transform accounts for current viewport borders, scroll, gutters and scale
ok 128 - M3B pointer transform accounts for current viewport borders, scroll, gutters and scale
  ---
  duration_ms: 2.0369
  ...
# Subtest: M3B pointer transform rejects invalid scale and nonfinite coordinates rather than placing a default
ok 129 - M3B pointer transform rejects invalid scale and nonfinite coordinates rather than placing a default
  ---
  duration_ms: 0.2346
  ...
# Subtest: M3B noncentral wall placement converts bottom and left exactly once into clockwise center distance
ok 130 - M3B noncentral wall placement converts bottom and left exactly once into clockwise center distance
  ---
  duration_ms: 7.3455
  ...
# Subtest: M3B zoom/pan/reflow transform followed by wall targeting retains fractional physical offset
ok 131 - M3B zoom/pan/reflow transform followed by wall targeting retains fractional physical offset
  ---
  duration_ms: 1.4337
  ...
# Subtest: M3B cross-room target uses auto-layout only for hit location and writes no physical presentation
ok 132 - M3B cross-room target uses auto-layout only for hit location and writes no physical presentation
  ---
  duration_ms: 8.6153
  ...
# Subtest: M3B adjoining room wall hit prefers the room interior under the pointer without inferring a shared link
ok 133 - M3B adjoining room wall hit prefers the room interior under the pointer without inferring a shared link
  ---
  duration_ms: 1.3167
  ...
# Subtest: M3B pointer corner positions are not clamped and demonstrated invalid width remains rejected
ok 134 - M3B pointer corner positions are not clamped and demonstrated invalid width remains rejected
  ---
  duration_ms: 7.0277
  ...
# Subtest: M3B move preview preserves unknown dimensions, provenance, appearance and original nested data
ok 135 - M3B move preview preserves unknown dimensions, provenance, appearance and original nested data
  ---
  duration_ms: 3.0165
  ...
# Subtest: M3B two-face shared opening cannot be detached by a pointer preview
ok 136 - M3B two-face shared opening cannot be detached by a pointer preview
  ---
  duration_ms: 1.847
  ...
# Subtest: M3B opening gesture stamp rejects newer edits and draft switches even with identical room IDs
ok 137 - M3B opening gesture stamp rejects newer edits and draft switches even with identical room IDs
  ---
  duration_ms: 0.2593
  ...
# Subtest: M3B floor-level opening projects a measured wall gap without door or window fabrication
ok 138 - M3B floor-level opening projects a measured wall gap without door or window fabrication
  ---
  duration_ms: 1.5921
  ...
# Subtest: new opening presets are explicit unconfirmed proposals with no invented height/sill/basis
ok 139 - new opening presets are explicit unconfirmed proposals with no invented height/sill/basis
  ---
  duration_ms: 25.5707
  ...
# Subtest: actual physical fixture yields 120/120/352/319 square feet, 41 feet trim and two distinct openings
ok 140 - actual physical fixture yields 120/120/352/319 square feet, 41 feet trim and two distinct openings
  ---
  duration_ms: 81.3435
  ...
# Subtest: all four wall center offsets stay physical and clockwise with exact fractional and metric input
ok 141 - all four wall center offsets stay physical and clockwise with exact fractional and metric input
  ---
  duration_ms: 62.3868
  ...
# Subtest: Enter plus blur commits once and common presets use one atomic independent dimension action
ok 142 - Enter plus blur commits once and common presets use one atomic independent dimension action
  ---
  duration_ms: 25.5812
  ...
# Subtest: window height and sill edits remain independent including explicitly entered zero sill
ok 143 - window height and sill edits remain independent including explicitly entered zero sill
  ---
  duration_ms: 36.252
  ...
# Subtest: invalid syntax and demonstrated corner/overlap/above-ceiling edits preserve canonical values and visible raw drafts
ok 144 - invalid syntax and demonstrated corner/overlap/above-ceiling edits preserve canonical values and visible raw drafts
  ---
  duration_ms: 42.2865
  ...
# Subtest: unknown dimensions permit explicitly incomplete placement but never claim verified fit
ok 145 - unknown dimensions permit explicitly incomplete placement but never claim verified fit
  ---
  duration_ms: 6.8926
  ...
# Subtest: along-wall/cross-wall/cross-room move preserves identity, dimensions, appearance, unrelated raw fields and room overview positions
ok 146 - along-wall/cross-wall/cross-room move preserves identity, dimensions, appearance, unrelated raw fields and room overview positions
  ---
  duration_ms: 43.6268
  ...
# Subtest: invalid move rejects atomically and unchanged placement is a no-op
ok 147 - invalid move rejects atomically and unchanged placement is a no-op
  ---
  duration_ms: 39.4031
  ...
# Subtest: stale drag revision and switched draft cannot commit duplicate/newer geometry
ok 148 - stale drag revision and switched draft cannot commit duplicate/newer geometry
  ---
  duration_ms: 14.4969
  ...
# Subtest: appearance/basis changes cannot change dimensions and never fabricate appearance on floor openings
ok 149 - appearance/basis changes cannot change dimensions and never fabricate appearance on floor openings
  ---
  duration_ms: 35.6571
  ...
# Subtest: shared opening dimensional edits validate both faces while movement/offset remain specifically protected
ok 150 - shared opening dimensional edits validate both faces while movement/offset remain specifically protected
  ---
  duration_ms: 25.3311
  ...
# Subtest: delete targets one opening, undo restores attachment order/raw/evidence while retaining unrelated edits
ok 151 - delete targets one opening, undo restores attachment order/raw/evidence while retaining unrelated edits
  ---
  duration_ms: 47.2626
  ...
# Subtest: deletion undo rejects missing parents or reused identity and retains recovery for retry
ok 152 - deletion undo rejects missing parents or reused identity and retains recovery for retry
  ---
  duration_ms: 12.2161
  ...
# Subtest: delete/undo preserves shared identity and attachment order and scoped requests remain valid
ok 153 - delete/undo preserves shared identity and attachment order and scoped requests remain valid
  ---
  duration_ms: 38.8789
  ...
# Subtest: pending dimension/offset masks dependent outputs without altering canonical values or independent room totals
ok 154 - pending dimension/offset masks dependent outputs without altering canonical values or independent room totals
  ---
  duration_ms: 62.7461
  ...
# Subtest: unit switching retains unfinished opening context then releases it on commit/clear without rounding geometry
ok 155 - unit switching retains unfinished opening context then releases it on commit/clear without rounding geometry
  ---
  duration_ms: 26.1095
  ...
# Subtest: recovery preserves raw opening fields, typed actions, undo and independent originals exactly
ok 156 - recovery preserves raw opening fields, typed actions, undo and independent originals exactly
  ---
  duration_ms: 62.4019
  ...
# Subtest: recovery rejects forged clean opening values and malformed identity/action evidence
ok 157 - recovery rejects forged clean opening values and malformed identity/action evidence
  ---
  duration_ms: 45.9042
  ...
# Subtest: room dimension edits leave openings intact and immediately expose newly invalid fit
ok 158 - room dimension edits leave openings intact and immediately expose newly invalid fit
  ---
  duration_ms: 26.1069
  ...
# Subtest: registry store preserves rejected opening raw edits and never writes a stale gesture
ok 159 - registry store preserves rejected opening raw edits and never writes a stale gesture
  ---
  duration_ms: 74.9197
  ...
# Subtest: pending center text blocks dragging and stays intact while other pending fields make prospective fit unverified
ok 160 - pending center text blocks dragging and stays intact while other pending fields make prospective fit unverified
  ---
  duration_ms: 30.3735
  ...
# Subtest: unknown or unsupported wall models and unknown appearance never report verified opening placement
ok 161 - unknown or unsupported wall models and unknown appearance never report verified opening placement
  ---
  duration_ms: 39.5746
  ...
# Subtest: position input evidence retains original fractional syntax/unit after a display-unit change
ok 162 - position input evidence retains original fractional syntax/unit after a display-unit change
  ---
  duration_ms: 24.3969
  ...
# Subtest: recovery rejects a disguised geometry mutation in appearance history and forged deletion raw text
ok 163 - recovery rejects a disguised geometry mutation in appearance history and forged deletion raw text
  ---
  duration_ms: 28.1954
  ...
# Subtest: special opening IDs derive missing legacy fields safely and survive commands and recovery
ok 164 - special opening IDs derive missing legacy fields safely and survive commands and recovery
  ---
  duration_ms: 9.6641
  ...
# Subtest: M3B projection preserves clockwise all-wall offsets, saved door hinges and typed group authority
ok 165 - M3B projection preserves clockwise all-wall offsets, saved door hinges and typed group authority
  ---
  duration_ms: 10.592
  ...
# Subtest: M3B unresolved legacy width renders only original symbol evidence and preserves unresolved candidates
ok 166 - M3B unresolved legacy width renders only original symbol evidence and preserves unresolved candidates
  ---
  duration_ms: 3.2987
  ...
# Subtest: M3B known physical door without appearance cannot use legacy guessed bar or swing widths
ok 167 - M3B known physical door without appearance cannot use legacy guessed bar or swing widths
  ---
  duration_ms: 2.849
  ...
# Subtest: M3B legacy missing-properties door retains source rendering with an explicit limitation
ok 168 - M3B legacy missing-properties door retains source rendering with an explicit limitation
  ---
  duration_ms: 2.2339
  ...
# Subtest: M3B projection deeply detaches unresolved source symbols and known appearance metadata
ok 169 - M3B projection deeply detaches unresolved source symbols and known appearance metadata
  ---
  duration_ms: 2.3673
  ...
# Subtest: M3B unsupported room range cannot hide later normal rooms or poison derived layout positions
ok 170 - M3B unsupported room range cannot hide later normal rooms or poison derived layout positions
  ---
  duration_ms: 3.2261
  ...
# Subtest: M3B missing room dimensions do not receive a measured-looking placeholder; physical edits update derived offsets
ok 171 - M3B missing room dimensions do not receive a measured-looking placeholder; physical edits update derived offsets
  ---
  duration_ms: 3.2069
  ...
# Subtest: new and empty work scope means none; enable creates empty targets and explicit all captures current IDs only
ok 172 - new and empty work scope means none; enable creates empty targets and explicit all captures current IDs only
  ---
  duration_ms: 45.9456
  ...
# Subtest: custom scope, basis and waste survive room/name/dimension/unit edits and addRoom
ok 173 - custom scope, basis and waste survive room/name/dimension/unit edits and addRoom
  ---
  duration_ms: 192.345
  ...
# Subtest: wrong-kind, missing, duplicate and non-attached targets are rejected atomically
ok 174 - wrong-kind, missing, duplicate and non-attached targets are rejected atomically
  ---
  duration_ms: 106.5621
  ...
# Subtest: explicit UI fixture preserves engine gross, deductions, net, casing, trim and inventory arithmetic
ok 175 - explicit UI fixture preserves engine gross, deductions, net, casing, trim and inventory arithmetic
  ---
  duration_ms: 318.4232
  ...
# Subtest: 10 percent commits as 0.1 and engine applies allowance once after aggregate net
ok 176 - 10 percent commits as 0.1 and engine applies allowance once after aggregate net
  ---
  duration_ms: 72.4678
  ...
# Subtest: unfinished or invalid percent is retained and never replaces committed waste or other output edits
ok 177 - unfinished or invalid percent is retained and never replaces committed waste or other output edits
  ---
  duration_ms: 333.0215
  ...
# Subtest: missing window height keeps independent results and exposes only a partial 256-square-foot wall subtotal
ok 178 - missing window height keeps independent results and exposes only a partial 256-square-foot wall subtotal
  ---
  duration_ms: 157.8631
  ...
# Subtest: explicit measurement review then independent model review changes provisional quantities to complete
ok 179 - explicit measurement review then independent model review changes provisional quantities to complete
  ---
  duration_ms: 175.0987
  ...
# Subtest: measurement confirmation is blocked for unknown or dirty fields and stale draft/revision/snapshot tokens
ok 180 - measurement confirmation is blocked for unknown or dirty fields and stale draft/revision/snapshot tokens
  ---
  duration_ms: 3.4089
  ...
# Subtest: candidate resolution retains alternatives, is never automatically confirmed, and rejects stale candidate review
ok 181 - candidate resolution retains alternatives, is never automatically confirmed, and rejects stale candidate review
  ---
  duration_ms: 15.7795
  ...
# Subtest: correction clears only the changed confirmation and never removes geometry or application blockers
ok 182 - correction clears only the changed confirmation and never removes geometry or application blockers
  ---
  duration_ms: 152.6619
  ...
# Subtest: room and opening raw corrections preserve review history and require separate reconfirmation
ok 183 - room and opening raw corrections preserve review history and require separate reconfirmation
  ---
  duration_ms: 189.32
  ...
# Subtest: separate unknown/unsupported model declarations cannot be confirmed and leave independent floor quantities usable
ok 184 - separate unknown/unsupported model declarations cannot be confirmed and leave independent floor quantities usable
  ---
  duration_ms: 163.0461
  ...
# Subtest: model review tokens are stale after dimension or declaration edits and changing model evidence requires new confirmation
ok 185 - model review tokens are stale after dimension or declaration edits and changing model evidence requires new confirmation
  ---
  duration_ms: 94.1599
  ...
# Subtest: deleting selected opening prunes inventory, casing and crown targets atomically with a visible notice
ok 186 - deleting selected opening prunes inventory, casing and crown targets atomically with a visible notice
  ---
  duration_ms: 97.1193
  ...
# Subtest: bounded deletion undo never overwrites later scope choices even when changed away and back
ok 187 - bounded deletion undo never overwrites later scope choices even when changed away and back
  ---
  duration_ms: 77.5445
  ...
# Subtest: bounded deletion undo preserves later unfinished waste and does not silently restore stale scope
ok 188 - bounded deletion undo preserves later unfinished waste and does not silently restore stale scope
  ---
  duration_ms: 56.0883
  ...
# Subtest: cross-wall moves prune old face targets but retain selected physical inventory ID, work, waste and unrelated targets
ok 189 - cross-wall moves prune old face targets but retain selected physical inventory ID, work, waste and unrelated targets
  ---
  duration_ms: 62.3685
  ...
# Subtest: shared opening all-current casing selects both attachment faces while inventory counts its identity once
ok 190 - shared opening all-current casing selects both attachment faces while inventory counts its identity once
  ---
  duration_ms: 62.1269
  ...
# Subtest: explicit crown gaps cannot invent full-height deductions and mismatched basis never gets relabeled
ok 191 - explicit crown gaps cannot invent full-height deductions and mismatched basis never gets relabeled
  ---
  duration_ms: 64.4125
  ...
# Subtest: recovery rejects forged current confirmations, altered review events, declared models and clean waste text
ok 192 - recovery rejects forged current confirmations, altered review events, declared models and clean waste text
  ---
  duration_ms: 107.4892
  ...
# Subtest: older supported caches round-trip without adding scope/review state; confirmed physical imports require matching source
ok 193 - older supported caches round-trip without adding scope/review state; confirmed physical imports require matching source
  ---
  duration_ms: 69.4783
  ...
# Subtest: confirmed opening review survives deletion and bounded restore with its historical actions and raw fields
ok 194 - confirmed opening review survives deletion and bounded restore with its historical actions and raw fields
  ---
  duration_ms: 75.8409
  ...
# Subtest: new rooms can be reviewed after existing review evidence without rewriting prior origins
ok 195 - new rooms can be reviewed after existing review evidence without rewriting prior origins
  ---
  duration_ms: 79.6614
  ...
# Subtest: Slice 3 read model exposes exact shared-engine fixture totals and individual door/window deductions
ok 196 - Slice 3 read model exposes exact shared-engine fixture totals and individual door/window deductions
  ---
  duration_ms: 65.2711
  ...
# Subtest: Slice 3 partial wall results identify excluded top wall without replacing unavailable selected total
ok 197 - Slice 3 partial wall results identify excluded top wall without replacing unavailable selected total
  ---
  duration_ms: 61.5681
  ...
# Subtest: Slice 3 pending width height sill and offset mask dependent totals and retain useful field-specific messages
ok 198 - Slice 3 pending width height sill and offset mask dependent totals and retain useful field-specific messages
  ---
  duration_ms: 191.0531
  ...
# Subtest: Slice 3 waste comes from engine once; dirty invalid or uncommitted waste never exposes older adjusted quantities
ok 199 - Slice 3 waste comes from engine once; dirty invalid or uncommitted waste never exposes older adjusted quantities
  ---
  duration_ms: 63.6416
  ...
# Subtest: Slice 3 empty work and explicit empty targets remain empty and never display a complete zero project
ok 200 - Slice 3 empty work and explicit empty targets remain empty and never display a complete zero project
  ---
  duration_ms: 15.2852
  ...
# Subtest: Slice 3 measurement, model, geometry and basis findings remain independent
ok 201 - Slice 3 measurement, model, geometry and basis findings remain independent
  ---
  duration_ms: 82.7025
  ...
# Subtest: Slice 3 shared physical inventory counts once while selected casing faces remain independent in full-document engine input
ok 202 - Slice 3 shared physical inventory counts once while selected casing faces remain independent in full-document engine input
  ---
  duration_ms: 4.6988
  ...
# Subtest: Slice 3 metric formatting and detached source scopes do not modify request quantities or caller measurements
ok 203 - Slice 3 metric formatting and detached source scopes do not modify request quantities or caller measurements
  ---
  duration_ms: 15.4842
  ...
# Subtest: Slice 3 drawing source highlights preserve exact selected room, wall and shared-opening face identities
ok 204 - Slice 3 drawing source highlights preserve exact selected room, wall and shared-opening face identities
  ---
  duration_ms: 5.3657
  ...
# Subtest: Slice 3 unknown physical opening widths highlight a point instead of inventing a measured span
ok 205 - Slice 3 unknown physical opening widths highlight a point instead of inventing a measured span
  ---
  duration_ms: 1.6695
  ...
# Subtest: invalid room Revert restores 12 ft and independent 120 sq ft without changing domain or evidence
ok 206 - invalid room Revert restores 12 ft and independent 120 sq ft without changing domain or evidence
  ---
  duration_ms: 108.0777
  ...
# Subtest: valid but uncommitted text is cancelled without a correction event or confirmation change
ok 207 - valid but uncommitted text is cancelled without a correction event or confirmation change
  ---
  duration_ms: 51.6334
  ...
# Subtest: reverting each room field leaves another unfinished field and its dependent totals blocked
ok 208 - reverting each room field leaves another unfinished field and its dependent totals blocked
  ---
  duration_ms: 202.2362
  ...
# Subtest: active-unit Revert formats the retained measurement rather than parsing pending text or replacing provenance
ok 209 - active-unit Revert formats the retained measurement rather than parsing pending text or replacing provenance
  ---
  duration_ms: 27.7944
  ...
# Subtest: all opening dimensions and center offset cancel raw edits while preserving identity, attachments and history
ok 210 - all opening dimensions and center offset cancel raw edits while preserving identity, attachments and history
  ---
  duration_ms: 96.7042
  ...
# Subtest: syntactically valid geometry-rejected opening values can be cancelled with no physical correction or move
ok 211 - syntactically valid geometry-rejected opening values can be cancelled with no physical correction or move
  ---
  duration_ms: 239.0977
  ...
# Subtest: unknown room/opening values and needs-review candidates restore blank text without resolving domain state
ok 212 - unknown room/opening values and needs-review candidates restore blank text without resolving domain state
  ---
  duration_ms: 73.1348
  ...
# Subtest: zero center offset and zero sill remain measured zeros when their pending text is reverted
ok 213 - zero center offset and zero sill remain measured zeros when their pending text is reverted
  ---
  duration_ms: 8.1426
  ...
# Subtest: committed 10 percent waste is restored exactly while unrelated pending fields and scope remain
ok 214 - committed 10 percent waste is restored exactly while unrelated pending fields and scope remain
  ---
  duration_ms: 54.5688
  ...
# Subtest: tiny and large committed decimal waste restores plain text and remains valid recovery without changing the fraction
ok 215 - tiny and large committed decimal waste restores plain text and remains valid recovery without changing the fraction
  ---
  duration_ms: 120.0575
  ...
# Subtest: zero committed waste restores zero and clean fields cannot roll back committed values
ok 216 - zero committed waste restores zero and clean fields cannot roll back committed values
  ---
  duration_ms: 67.8074
  ...
# Subtest: captured actions reject another draft, newer edit, unit change and duplicate application atomically
ok 217 - captured actions reject another draft, newer edit, unit change and duplicate application atomically
  ---
  duration_ms: 32.5657
  ...
# Subtest: missing/deleted/disabled targets and malformed tokens never fall back to another field
ok 218 - missing/deleted/disabled targets and malformed tokens never fall back to another field
  ---
  duration_ms: 28.8501
  ...
# Subtest: registry selection guard rejects a held Revert after switching to another draft with no writes
ok 219 - registry selection guard rejects a held Revert after switching to another draft with no writes
  ---
  duration_ms: 31.616
  ...
# Subtest: opening delete then raw waste edit and Revert cannot resurrect stale casing or inventory scope on Undo
ok 220 - opening delete then raw waste edit and Revert cannot resurrect stale casing or inventory scope on Undo
  ---
  duration_ms: 56.914
  ...
# Subtest: special room/opening IDs and unrelated field maps survive exact Revert and recovery
ok 221 - special room/opening IDs and unrelated field maps survive exact Revert and recovery
  ---
  duration_ms: 6.4091
  ...
# Subtest: guarded Revert survives exact storage recovery with other unfinished text and confirmation evidence
ok 222 - guarded Revert survives exact storage recovery with other unfinished text and confirmation evidence
  ---
  duration_ms: 80.2962
  ...
# Subtest: failed recovery write keeps the reverted memory draft, prior raw bytes and visible limitation
ok 223 - failed recovery write keeps the reverted memory draft, prior raw bytes and visible limitation
  ---
  duration_ms: 64.0072
  ...
# Subtest: stale store Revert leaves newer memory and recoverable bytes untouched and reports the rejected action
ok 224 - stale store Revert leaves newer memory and recoverable bytes untouched and reports the rejected action
  ---
  duration_ms: 86.3684
  ...
# Subtest: schema5 strictly owns explicit room uses, unique physical IDs, same-room zone associations and layout-only effects
ok 225 - schema5 strictly owns explicit room uses, unique physical IDs, same-room zone associations and layout-only effects
  ---
  duration_ms: 101.8637
  ...
# Subtest: explicit current4 upgrade is detached, keeps stairs/source metadata, never infers use from names and freezes older consumers
ok 226 - explicit current4 upgrade is detached, keeps stairs/source metadata, never infers use from names and freezes older consumers
  ---
  duration_ms: 13.7979
  ...
# Subtest: prototype-like room and layout IDs remain own keys through validation and capture
ok 227 - prototype-like room and layout IDs remain own keys through validation and capture
  ---
  duration_ms: 89.9773
  ...
# Subtest: room use is explicit intent with preserved custom text, no fake labels or measurement approval
ok 228 - room use is explicit intent with preserved custom text, no fake labels or measurement approval
  ---
  duration_ms: 21.321
  ...
# Subtest: shared gross footprint is 48/12 sq ft, non-additive and independent of unknown cabinet height
ok 229 - shared gross footprint is 48/12 sq ft, non-additive and independent of unknown cabinet height
  ---
  duration_ms: 5.6291
  ...
# Subtest: all 90 degree rotations preserve dimensions and explicit top-left anchors without changing measurements
ok 230 - all 90 degree rotations preserve dimensions and explicit top-left anchors without changing measurements
  ---
  duration_ms: 3.759
  ...
# Subtest: edge-touching fits; .01mm tolerance cannot turn .011mm overrun into valid or silently clamp values
ok 231 - edge-touching fits; .01mm tolerance cannot turn .011mm overrun into valid or silently clamp values
  ---
  duration_ms: 14.0595
  ...
# Subtest: overlapping zones produce ambiguity only, touching edges do not, and other parent rooms never overlap
ok 232 - overlapping zones produce ambiguity only, touching edges do not, and other parent rooms never overlap
  ---
  duration_ms: 6.8582
  ...
# Subtest: cabinet leaving an explicitly associated zone keeps association and flags review without blocking finish quantities
ok 233 - cabinet leaving an explicitly associated zone keeps association and flags review without blocking finish quantities
  ---
  duration_ms: 45.9016
  ...
# Subtest: range and extent loss fail safely while unknown dimensions stay unknown and no geometry is mutated
ok 234 - range and extent loss fail safely while unknown dimensions stay unknown and no geometry is mutated
  ---
  duration_ms: 4.7304
  ...
# Subtest: layout5 evaluates through unchanged policy/engine/result4 and preserves 300/300/560 with no double counting
ok 235 - layout5 evaluates through unchanged policy/engine/result4 and preserves 300/300/560 with no double counting
  ---
  duration_ms: 19.5987
  ...
# Subtest: retained stair voids remain 252 net / 25.2 waste / 277.2 adjusted after adding layout-only data
ok 236 - retained stair voids remain 252 net / 25.2 waste / 277.2 adjusted after adding layout-only data
  ---
  duration_ms: 25.3723
  ...
# Subtest: layout geometry and content hashes detect distinct changes while room names, camera and unrelated presentation remain excluded
ok 237 - layout geometry and content hashes detect distinct changes while room names, camera and unrelated presentation remain excluded
  ---
  duration_ms: 109.5515
  ...
# Subtest: snapshot5 captures layout with policy4, is detached and rejects downgraded/mixed scopes or altered source evidence
ok 238 - snapshot5 captures layout with policy4, is detached and rejects downgraded/mixed scopes or altered source evidence
  ---
  duration_ms: 129.3991
  ...
# Subtest: historical v1-v4 snapshots regenerate exactly with unchanged policy and hashes
ok 239 - historical v1-v4 snapshots regenerate exactly with unchanged policy and hashes
  ---
  duration_ms: 612.0212
  ...
# Subtest: explicit layout upgrade preserves the full current source, pending fields, request and immutable schema4 lineage
ok 240 - explicit layout upgrade preserves the full current source, pending fields, request and immutable schema4 lineage
  ---
  duration_ms: 129.3686
  ...
# Subtest: room name never infers use; deliberate room and zone uses remain independent through history
ok 241 - room name never infers use; deliberate room and zone uses remain independent through history
  ---
  duration_ms: 345.2857
  ...
# Subtest: adding rooms to schema5 creates explicit unspecified use with prototype-safe exact ownership
ok 242 - adding rooms to schema5 creates explicit unspecified use with prototype-safe exact ownership
  ---
  duration_ms: 232.6066
  ...
# Subtest: layout-only 48 and12 square-foot footprints never inflate300/300/560 finish quantities
ok 243 - layout-only 48 and12 square-foot footprints never inflate300/300/560 finish quantities
  ---
  duration_ms: 125.5497
  ...
# Subtest: existing explicit stair holes and measured waste stay252/25.2/277.2 after layout upgrade
ok 244 - existing explicit stair holes and measured waste stay252/25.2/277.2 after layout upgrade
  ---
  duration_ms: 221.3588
  ...
# Subtest: unknown geometry remains unknown; explicit origin is unconfirmed and zero stays valid
ok 245 - unknown geometry remains unknown; explicit origin is unconfirmed and zero stays valid
  ---
  duration_ms: 50.1925
  ...
# Subtest: invalid raw syntax stays pending and Enter followed by blur commits exactly once
ok 246 - invalid raw syntax stays pending and Enter followed by blur commits exactly once
  ---
  duration_ms: 49.6335
  ...
# Subtest: pending layout masks only its footprint and never unrelated finish results
ok 247 - pending layout masks only its footprint and never unrelated finish results
  ---
  duration_ms: 87.1089
  ...
# Subtest: units preserve pending raw context; Revert restores active units without changing document or evidence
ok 248 - units preserve pending raw context; Revert restores active units without changing document or evidence
  ---
  duration_ms: 48.644
  ...
# Subtest: edge-touching placement fits; outside placement rejects atomically while dimension edits retain invalid findings
ok 249 - edge-touching placement fits; outside placement rejects atomically while dimension edits retain invalid findings
  ---
  duration_ms: 78.8303
  ...
# Subtest: pending position prevents drag takeover while unrelated dimension/name drafts survive valid movement
ok 250 - pending position prevents drag takeover while unrelated dimension/name drafts survive valid movement
  ---
  duration_ms: 63.8991
  ...
# Subtest: retained creation history accepts pending name and custom labels, which recover exactly without new history
ok 251 - retained creation history accepts pending name and custom labels, which recover exactly without new history
  ---
  duration_ms: 114.1542
  ...
# Subtest: Custom explicitly permits blank unfinished label; Apply makes one semantic history and Revert keeps saved use
ok 252 - Custom explicitly permits blank unfinished label; Apply makes one semantic history and Revert keeps saved use
  ---
  duration_ms: 277.0735
  ...
# Subtest: zone deletion unlinks retained cabinet atomically and Undo preserves unrelated pending waste and scope
ok 253 - zone deletion unlinks retained cabinet atomically and Undo preserves unrelated pending waste and scope
  ---
  duration_ms: 207.137
  ...
# Subtest: delete and restore keeps clean name drafts, unit formatting and stable ordering
ok 254 - delete and restore keeps clean name drafts, unit formatting and stable ordering
  ---
  duration_ms: 161.5862
  ...
# Subtest: cabinet association only accepts the same room and room-level assignment carries both children
ok 255 - cabinet association only accepts the same room and room-level assignment carries both children
  ---
  duration_ms: 127.3254
  ...
# Subtest: an older room-creation inverse is blocked by later layout dependents without touching them
ok 256 - an older room-creation inverse is blocked by later layout dependents without touching them
  ---
  duration_ms: 3.9339
  ...
# Subtest: layout history restores changed measures unconfirmed while rotation retains unrelated approvals
ok 257 - layout history restores changed measures unconfirmed while rotation retains unrelated approvals
  ---
  duration_ms: 170.043
  ...
# Subtest: creation/deletion, dimension and drag actions share one chronological history with exact target reveal
ok 258 - creation/deletion, dimension and drag actions share one chronological history with exact target reveal
  ---
  duration_ms: 203.6694
  ...
# Subtest: same physical numeric or pointer values and unchanged names create no duplicate committed history
ok 259 - same physical numeric or pointer values and unchanged names create no duplicate committed history
  ---
  duration_ms: 53.194
  ...
# Subtest: large coordinates do not silently erase a representable half-millimeter move
ok 260 - large coordinates do not silently erase a representable half-millimeter move
  ---
  duration_ms: 18.9121
  ...
# Subtest: stale revisions and pending target conflicts reject without popping the history branch
ok 261 - stale revisions and pending target conflicts reject without popping the history branch
  ---
  duration_ms: 142.2849
  ...
# Subtest: v4 recovery reads v3 without rewriting source bytes and detects fallback changes before saving
ok 262 - v4 recovery reads v3 without rewriting source bytes and detects fallback changes before saving
  ---
  duration_ms: 9.2183
  ...
# Subtest: older keys remain byte-exact, cache failures retain memory/history, and reload has no session Undo
ok 263 - older keys remain byte-exact, cache failures retain memory/history, and reload has no session Undo
  ---
  duration_ms: 81.2713
  ...
# Subtest: corrupt, future, dangling and forged layout recovery cannot overwrite retained bytes
ok 264 - corrupt, future, dangling and forged layout recovery cannot overwrite retained bytes
  ---
  duration_ms: 73.9861
  ...
# Subtest: mixed registries remain v4 and old envelopes cannot pretend to contain schema5 layout
ok 265 - mixed registries remain v4 and old envelopes cannot pretend to contain schema5 layout
  ---
  duration_ms: 13.9742
  ...
# Subtest: new building draft has one editable Main floor with unknown elevation; legacy constructor stays v2
ok 266 - new building draft has one editable Main floor with unknown elevation; legacy constructor stays v2
  ---
  duration_ms: 13.0646
  ...
# Subtest: add rooms follows active level, including empty levels, without expanding explicit takeoff scope
ok 267 - add rooms follows active level, including empty levels, without expanding explicit takeoff scope
  ---
  duration_ms: 39.7166
  ...
# Subtest: switch level retains document, pending fields, units, request and evidence, increments revision and preserves redo
ok 268 - switch level retains document, pending fields, units, request and evidence, increments revision and preserves redo
  ---
  duration_ms: 136.5346
  ...
# Subtest: level creation, rename and order are one chronological history with stable IDs and unknown elevations
ok 269 - level creation, rename and order are one chronological history with stable IDs and unknown elevations
  ---
  duration_ms: 76.6973
  ...
# Subtest: room assignment preserves physical identity/raw/request, and direct assignment plus Undo/Redo reveal the exact room even on a populated destination
ok 270 - room assignment preserves physical identity/raw/request, and direct assignment plus Undo/Redo reveal the exact room even on a populated destination
  ---
  duration_ms: 69.0389
  ...
# Subtest: existing measurement history reveals a hidden room level without filtering the chronological stack
ok 271 - existing measurement history reveals a hidden room level without filtering the chronological stack
  ---
  duration_ms: 43.6084
  ...
# Subtest: room creation inverse includes membership, and a populated level cannot be undone out of order
ok 272 - room creation inverse includes membership, and a populated level cannot be undone out of order
  ---
  duration_ms: 51.4565
  ...
# Subtest: grouped room assignment is rejected with dependent room name and has no partial state change
ok 273 - grouped room assignment is rejected with dependent room name and has no partial state change
  ---
  duration_ms: 22.438
  ...
# Subtest: shared opening room assignment is rejected by attachment dependency without changing IDs or geometry
ok 274 - shared opening room assignment is rejected by attachment dependency without changing IDs or geometry
  ---
  duration_ms: 18.0729
  ...
# Subtest: level switch makes captured edits stale and failed assignment leaves both history stacks untouched
ok 275 - level switch makes captured edits stale and failed assignment leaves both history stacks untouched
  ---
  duration_ms: 20.9862
  ...
# Subtest: invalid IDs, blank names, unknown levels and partial/duplicate order do not mutate the draft
ok 276 - invalid IDs, blank names, unknown levels and partial/duplicate order do not mutate the draft
  ---
  duration_ms: 0.8296
  ...
# Subtest: explicit old draft upgrade preserves the FULL live state, confirmed events, source originals and unknown ownership
ok 277 - explicit old draft upgrade preserves the FULL live state, confirmed events, source originals and unknown ownership
  ---
  duration_ms: 28.5466
  ...
# Subtest: upgrade retains typed history captures and accepts new level evidence without rewriting the old capture
ok 278 - upgrade retains typed history captures and accepts new level evidence without rewriting the old capture
  ---
  duration_ms: 66.8803
  ...
# Subtest: upgraded deletion recovery adapts active policy snapshots and preserves original tombstone in lineage
ok 279 - upgraded deletion recovery adapts active policy snapshots and preserves original tombstone in lineage
  ---
  duration_ms: 20.837
  ...
# Subtest: upgrade retains independent source entry and blocks already-upgraded or reused identities
ok 280 - upgrade retains independent source entry and blocks already-upgraded or reused identities
  ---
  duration_ms: 16.8749
  ...
# Subtest: new recovery key falls back to v1 without altering bytes; first accepted write migrates envelope only
ok 281 - new recovery key falls back to v1 without altering bytes; first accepted write migrates envelope only
  ---
  duration_ms: 13.0731
  ...
# Subtest: new cache wins over v1 and corrupt new data never falls back or gets overwritten
ok 282 - new cache wins over v1 and corrupt new data never falls back or gets overwritten
  ---
  duration_ms: 0.7763
  ...
# Subtest: changed legacy source or newly appeared v2 cache blocks fallback overwrite while retaining accepted memory
ok 283 - changed legacy source or newly appeared v2 cache blocks fallback overwrite while retaining accepted memory
  ---
  duration_ms: 5.4288
  ...
# Subtest: failed new-key storage write preserves v1 source and latest level change/history in memory
ok 284 - failed new-key storage write preserves v1 source and latest level change/history in memory
  ---
  duration_ms: 17.5425
  ...
# Subtest: reload restores active level and all pending field contexts but initializes empty session history
ok 285 - reload restores active level and all pending field contexts but initializes empty session history
  ---
  duration_ms: 57.6047
  ...
# Subtest: recovery rejects missing/dangling/extra room membership, stale active level and unsupported envelope
ok 286 - recovery rejects missing/dangling/extra room membership, stale active level and unsupported envelope
  ---
  duration_ms: 30.2715
  ...
# Subtest: level history evidence rejects v1 relabeling, altered restored ownership and forged lineage
ok 287 - level history evidence rejects v1 relabeling, altered restored ownership and forged lineage
  ---
  duration_ms: 63.7068
  ...
# Subtest: prototype-like room/level IDs are retained as own memberships through upgrade, history and recovery
ok 288 - prototype-like room/level IDs are retained as own memberships through upgrade, history and recovery
  ---
  duration_ms: 72.6913
  ...
# Subtest: global takeoff history is labeled project-wide and does not reveal or switch to an arbitrary level
ok 289 - global takeoff history is labeled project-wide and does not reveal or switch to an arbitrary level
  ---
  duration_ms: 35.624
  ...
# Subtest: pending level names survive level changes/reload, preserve redo and block removal until explicitly applied
ok 290 - pending level names survive level changes/reload, preserve redo and block removal until explicitly applied
  ---
  duration_ms: 15.8783
  ...
# Subtest: M3D schema3 has exactly one own membership, explicit unknown elevation and distinct versioned identities
ok 291 - M3D schema3 has exactly one own membership, explicit unknown elevation and distinct versioned identities
  ---
  duration_ms: 134.9697
  ...
# Subtest: M3D groups and shared openings must stay on one level without inventing plan-collision rules
ok 292 - M3D groups and shared openings must stay on one level without inventing plan-collision rules
  ---
  duration_ms: 4.651
  ...
# Subtest: M3D upgrade detaches current physical values and preserves originals, IDs, profiles, groups and opening evidence
ok 293 - M3D upgrade detaches current physical values and preserves originals, IDs, profiles, groups and opening evidence
  ---
  duration_ms: 9.0417
  ...
# Subtest: M3D unknown ownership upgrade never invents supported models when historical declarations are absent
ok 294 - M3D unknown ownership upgrade never invents supported models when historical declarations are absent
  ---
  duration_ms: 24.3638
  ...
# Subtest: M3D own prototype-like room and level IDs survive constructor, validator, calculation and captured snapshot
ok 295 - M3D own prototype-like room and level IDs survive constructor, validator, calculation and captured snapshot
  ---
  duration_ms: 103.376
  ...
# Subtest: M3D full-document explicit project and level requests produce independent 270/802 and 120/352 quantities
ok 296 - M3D full-document explicit project and level requests produce independent 270/802 and 120/352 quantities
  ---
  duration_ms: 23.2439
  ...
# Subtest: M3D saved explicit target IDs remain fixed when rooms are added or reassigned between levels
ok 297 - M3D saved explicit target IDs remain fixed when rooms are added or reassigned between levels
  ---
  duration_ms: 17.7082
  ...
# Subtest: M3D level ownership affects version3 hashes while names, order and camera remain presentation
ok 298 - M3D level ownership affects version3 hashes while names, order and camera remain presentation
  ---
  duration_ms: 188.6479
  ...
# Subtest: M3D level-aware snapshots enforce version dispatch, ownership integrity and synchronous detached capture
ok 299 - M3D level-aware snapshots enforce version dispatch, ownership integrity and synchronous detached capture
  ---
  duration_ms: 101.1727
  ...
# Subtest: M3D unchanged version1 and version2 historical snapshot bytes and hashes remain verifiable
ok 300 - M3D unchanged version1 and version2 historical snapshot bytes and hashes remain verifiable
  ---
  duration_ms: 303.4268
  ...
# Subtest: M3D independent ceiling/wall applicability and confirmation gates reuse existing engine semantics
ok 301 - M3D independent ceiling/wall applicability and confirmation gates reuse existing engine semantics
  ---
  duration_ms: 55.5827
  ...
# Subtest: M3D physical measurement actions retain level ownership and original evidence without mutation
ok 302 - M3D physical measurement actions retain level ownership and original evidence without mutation
  ---
  duration_ms: 9.9842
  ...
# Subtest: M3D active-level projection and wall hit inputs exclude coincident hidden rooms and empty-level fit geometry
ok 303 - M3D active-level projection and wall hit inputs exclude coincident hidden rooms and empty-level fit geometry
  ---
  duration_ms: 3.5423
  ...
# Subtest: explicit schema4 upgrade retains full current draft and immutable schema3 lineage with pending room/waste edits
ok 304 - explicit schema4 upgrade retains full current draft and immutable schema3 lineage with pending room/waste edits
  ---
  duration_ms: 95.8297
  ...
# Subtest: new stair keeps one stable identity shared width/run and unresolved rise without deriving level elevations
ok 305 - new stair keeps one stable identity shared width/run and unresolved rise without deriving level elevations
  ---
  duration_ms: 84.5572
  ...
# Subtest: invalid dimension raw retains exact text while zero coordinates commit and Enter then blur emits once
ok 306 - invalid dimension raw retains exact text while zero coordinates commit and Enter then blur emits once
  ---
  duration_ms: 89.2085
  ...
# Subtest: dirty unit context survives switch and Revert uses current display while preserving physical provenance
ok 307 - dirty unit context survives switch and Revert uses current display while preserving physical provenance
  ---
  duration_ms: 80.706
  ...
# Subtest: pending hole size masks only affected net surface while keeping gross basis and unrelated wall quantities
ok 308 - pending hole size masks only affected net surface while keeping gross basis and unrelated wall quantities
  ---
  duration_ms: 135.8237
  ...
# Subtest: explicit floor and ceiling holes deduct independently once and have exact source attachment read model
ok 309 - explicit floor and ceiling holes deduct independently once and have exact source attachment read model
  ---
  duration_ms: 232.0425
  ...
# Subtest: numeric and pointer placements reject demonstrated invalid fit without replacing pending text or canonical position
ok 310 - numeric and pointer placements reject demonstrated invalid fit without replacing pending text or canonical position
  ---
  duration_ms: 91.1896
  ...
# Subtest: dimension correction may retain invalid fit, never silently move endpoints, and pending coordinates block pointer takeover
ok 311 - dimension correction may retain invalid fit, never silently move endpoints, and pending coordinates block pointer takeover
  ---
  duration_ms: 72.4216
  ...
# Subtest: landing dimensions and placement remain independent of stair run and no-deduction areas
ok 312 - landing dimensions and placement remain independent of stair run and no-deduction areas
  ---
  duration_ms: 152.3823
  ...
# Subtest: host ownership guards name dependent endpoints/landings and surface openings; invalid same-level endpoints are rejected
ok 313 - host ownership guards name dependent endpoints/landings and surface openings; invalid same-level endpoints are rejected
  ---
  duration_ms: 42.1023
  ...
# Subtest: endpoint host changes cannot strand an explicit linked deduction
ok 314 - endpoint host changes cannot strand an explicit linked deduction
  ---
  duration_ms: 86.0444
  ...
# Subtest: shared surface attachments reject duplicates and invalid retargeting without partial writes
ok 315 - shared surface attachments reject duplicates and invalid retargeting without partial writes
  ---
  duration_ms: 56.5458
  ...
# Subtest: stair deletion unlinks but preserves holes and Undo/Redo restores exact coordinated identities
ok 316 - stair deletion unlinks but preserves holes and Undo/Redo restores exact coordinated identities
  ---
  duration_ms: 251.5562
  ...
# Subtest: surface opening deletion makes referenced impacts unresolved and one Undo restores hole and impact atomically
ok 317 - surface opening deletion makes referenced impacts unresolved and one Undo restores hole and impact atomically
  ---
  duration_ms: 182.5839
  ...
# Subtest: field/move/landing Undo uses the existing chronological history, preserves unrelated pending fields and reveals target level
ok 318 - field/move/landing Undo uses the existing chronological history, preserves unrelated pending fields and reveals target level
  ---
  duration_ms: 249.8058
  ...
# Subtest: conflicting pending field blocks history without popping and view/unit changes preserve redo
ok 319 - conflicting pending field blocks history without popping and view/unit changes preserve redo
  ---
  duration_ms: 192.8977
  ...
# Subtest: same-value raw resolution, no-op rename and failed placement do not create duplicate committed history
ok 320 - same-value raw resolution, no-op rename and failed placement do not create duplicate committed history
  ---
  duration_ms: 53.0843
  ...
# Subtest: stale draft revision and unsupported recovery bytes cannot overwrite the selected draft
ok 321 - stale draft revision and unsupported recovery bytes cannot overwrite the selected draft
  ---
  duration_ms: 36.2204
  ...
# Subtest: v3 recovery falls back to v2 without rewriting it and detects fallback races before first accepted write
ok 322 - v3 recovery falls back to v2 without rewriting it and detects fallback races before first accepted write
  ---
  duration_ms: 10.2511
  ...
# Subtest: v3 fallback to v1 preserves all older bytes; failed writes retain accepted memory/history and reload empties only session history
ok 323 - v3 fallback to v1 preserves all older bytes; failed writes retain accepted memory/history and reload empties only session history
  ---
  duration_ms: 62.132
  ...
# Subtest: malformed raw target/current text and forged history source are rejected without normalizing captured data
ok 324 - malformed raw target/current text and forged history source are rejected without normalizing captured data
  ---
  duration_ms: 78.1463
  ...
# Subtest: rotation-only and single-attachment Undo preserve unrelated confirmed measurements and exact evidence
ok 325 - rotation-only and single-attachment Undo preserve unrelated confirmed measurements and exact evidence
  ---
  duration_ms: 270.3174
  ...
# Subtest: same physical pointer placement preserves typed provenance and creates no committed history
ok 326 - same physical pointer placement preserves typed provenance and creates no committed history
  ---
  duration_ms: 49.1674
  ...
# Subtest: adding older-format drafts never downgrades a mixed schema4 recovery envelope
ok 327 - adding older-format drafts never downgrades a mixed schema4 recovery envelope
  ---
  duration_ms: 26.0193
  ...
# Subtest: M3D stairs schema4 rejects reused identities, stale endpoints, same-level connections and duplicate exact surface attachments
ok 328 - M3D stairs schema4 rejects reused identities, stale endpoints, same-level connections and duplicate exact surface attachments
  ---
  duration_ms: 73.0719
  ...
# Subtest: M3D stair upgrade preserves current schema3 values, originals, ownership, profiles and old captures without mutation
ok 329 - M3D stair upgrade preserves current schema3 values, originals, ownership, profiles and old captures without mutation
  ---
  duration_ms: 17.4765
  ...
# Subtest: M3D unresolved destinations and missing stair rise remain explicit without inventing elevations or blocking independent reviewed finishes
ok 330 - M3D unresolved destinations and missing stair rise remain explicit without inventing elevations or blocking independent reviewed finishes
  ---
  duration_ms: 32.0576
  ...
# Subtest: M3D run excludes independent landings and 90-degree endpoint rotation retains room-local anchors
ok 331 - M3D run excludes independent landings and 90-degree endpoint rotation retains room-local anchors
  ---
  duration_ms: 21.9452
  ...
# Subtest: M3D unresolved impacts block only affected selected net surfaces and preserve complete gross basis
ok 332 - M3D unresolved impacts block only affected selected net surfaces and preserve complete gross basis
  ---
  duration_ms: 29.2336
  ...
# Subtest: M3D explicit upper floor and lower ceiling 18 square-foot openings deduct once and apply floor waste after net
ok 333 - M3D explicit upper floor and lower ceiling 18 square-foot openings deduct once and apply floor waste after net
  ---
  duration_ms: 117.8067
  ...
# Subtest: M3D overlapping independent rectangular holes use exact coverage union and no-deduction impact never hides explicit attached holes
ok 334 - M3D overlapping independent rectangular holes use exact coverage union and no-deduction impact never hides explicit attached holes
  ---
  duration_ms: 26.4925
  ...
# Subtest: M3D invalid or unresolved surface measurements keep affected gross and leave other surfaces/walls usable without clamping
ok 335 - M3D invalid or unresolved surface measurements keep affected gross and leave other surfaces/walls usable without clamping
  ---
  duration_ms: 62.0913
  ...
# Subtest: M3D invalid stair/landing fit remains visible but does not fabricate or block an independent known surface area
ok 336 - M3D invalid stair/landing fit remains visible but does not fabricate or block an independent known surface area
  ---
  duration_ms: 7.6645
  ...
# Subtest: M3D unconfirmed opening measurements retain provisional net and prevent confirmed snapshot while gross remains independently confirmed
ok 337 - M3D unconfirmed opening measurements retain provisional net and prevent confirmed snapshot while gross remains independently confirmed
  ---
  duration_ms: 55.4312
  ...
# Subtest: M3D narrow numerical gaps are not bridged and extreme lost extents fail without a usable net
ok 338 - M3D narrow numerical gaps are not bridged and extreme lost extents fail without a usable net
  ---
  duration_ms: 13.6521
  ...
# Subtest: M3D fingerprints bind stair connections, geometry, impacts and evidence while labels/order/camera are presentation
ok 339 - M3D fingerprints bind stair connections, geometry, impacts and evidence while labels/order/camera are presentation
  ---
  duration_ms: 158.7046
  ...
# Subtest: M3D stair snapshots capture synchronously, detach, verify integrity and reject incompatible old policies/results
ok 340 - M3D stair snapshots capture synchronously, detach, verify integrity and reject incompatible old policies/results
  ---
  duration_ms: 152.1997
  ...
# Subtest: M3D frozen historical v1/v2/v3 snapshot bytes and calculation hashes remain identical
ok 341 - M3D frozen historical v1/v2/v3 snapshot bytes and calculation hashes remain identical
  ---
  duration_ms: 417.5219
  ...
# Subtest: normal production composition denies every legacy route and cannot activate injected fixture identities
ok 342 - normal production composition denies every legacy route and cannot activate injected fixture identities
  ---
  duration_ms: 142.7072
  ...
# Subtest: absent, expired, revoked and invalid identities deny before accessing storage
ok 343 - absent, expired, revoked and invalid identities deny before accessing storage
  ---
  duration_ms: 29.857
  ...
# Subtest: malformed or expired authenticated results do not become principals
ok 344 - malformed or expired authenticated results do not become principals
  ---
  duration_ms: 20.0825
  ...
# Subtest: provider exceptions fail closed and never expose provider credentials
ok 345 - provider exceptions fail closed and never expose provider credentials
  ---
  duration_ms: 11.0918
  ...
# Subtest: verified owner and editor round trips retain authorized legacy payload and server-owned workspace
ok 346 - verified owner and editor round trips retain authorized legacy payload and server-owned workspace
  ---
  duration_ms: 20.2585
  ...
# Subtest: workspace A cannot select, list, read, patch or delete B by known workspace and record IDs
ok 347 - workspace A cannot select, list, read, patch or delete B by known workspace and record IDs
  ---
  duration_ms: 20.7951
  ...
# Subtest: viewer reads succeed while forged role, owner and user headers cannot authorize direct writes
ok 348 - viewer reads succeed while forged role, owner and user headers cannot authorize direct writes
  ---
  duration_ms: 11.133
  ...
# Subtest: workspace owner administration is scoped and editor cannot elevate membership or rename workspace
ok 349 - workspace owner administration is scoped and editor cannot elevate membership or rename workspace
  ---
  duration_ms: 36.0694
  ...
# Subtest: revoked membership and demoted role take effect on the next operation using the same verified session
ok 350 - revoked membership and demoted role take effect on the next operation using the same verified session
  ---
  duration_ms: 15.3777
  ...
# Subtest: membership changes before repository access cannot rely on identity-time permission
ok 351 - membership changes before repository access cannot rely on identity-time permission
  ---
  duration_ms: 6.6864
  ...
# Subtest: verified outsider and same subject from another issuer cannot access workspace records
ok 352 - verified outsider and same subject from another issuer cannot access workspace records
  ---
  duration_ms: 13.1919
  ...
# Subtest: explicit workspace selection is required and malformed IDs never select the first workspace
ok 353 - explicit workspace selection is required and malformed IDs never select the first workspace
  ---
  duration_ms: 13.9371
  ...
# Subtest: mass-assignment fields cannot create ownership, move plans or elevate authorization
ok 354 - mass-assignment fields cannot create ownership, move plans or elevate authorization
  ---
  duration_ms: 24.7085
  ...
# Subtest: unowned legacy records remain intact and inaccessible with non-disclosing missing-record responses
ok 355 - unowned legacy records remain intact and inaccessible with non-disclosing missing-record responses
  ---
  duration_ms: 21.5742
  ...
# Subtest: storage read, write and lazy-construction failures are generic, fail closed and do not poison later requests
ok 356 - storage read, write and lazy-construction failures are generic, fail closed and do not poison later requests
  ---
  duration_ms: 18.3418
  ...
# Subtest: all cookie and bearer mutations require exact trusted origin and explicit request header
ok 357 - all cookie and bearer mutations require exact trusted origin and explicit request header
  ---
  duration_ms: 165.3256
  ...
# Subtest: missing trusted origin configuration denies writes without silently trusting request Host
ok 358 - missing trusted origin configuration denies writes without silently trusting request Host
  ---
  duration_ms: 6.5898
  ...
# Subtest: private responses cannot serve a previous principal or revoked member through conditional cache reuse
ok 359 - private responses cannot serve a previous principal or revoked member through conditional cache reuse
  ---
  duration_ms: 13.1624
  ...
# Subtest: normal composition keeps parser errors private without echoing input or invoking storage
ok 360 - normal composition keeps parser errors private without echoing input or invoking storage
  ---
  duration_ms: 13.8139
  ...
# Subtest: 10 by 12 feet contributes its 44-foot perimeter once with no openings
ok 361 - 10 by 12 feet contributes its 44-foot perimeter once with no openings
  ---
  duration_ms: 1.0844
  ...
# Subtest: one 3-foot door deducts from both baseboard and base shoe
ok 362 - one 3-foot door deducts from both baseboard and base shoe
  ---
  duration_ms: 1.0156
  ...
# Subtest: elevated windows never add another perimeter or deduct trim
ok 363 - elevated windows never add another perimeter or deduct trim
  ---
  duration_ms: 0.1918
  ...
# Subtest: 3-foot and 2.5-foot doors deduct exactly once for 38.5 feet of trim
ok 364 - 3-foot and 2.5-foot doors deduct exactly once for 38.5 feet of trim
  ---
  duration_ms: 0.2599
  ...
# Subtest: 32-inch entered widths retain their precision and their own size group
ok 365 - 32-inch entered widths retain their precision and their own size group
  ---
  duration_ms: 0.3963
  ...
# Subtest: legacy doors without dimension properties retain their pixel-width conversion
ok 366 - legacy doors without dimension properties retain their pixel-width conversion
  ---
  duration_ms: 0.2018
  ...
# Subtest: invalid historical dimension properties fall back to a valid legacy pixel size
ok 367 - invalid historical dimension properties fall back to a valid legacy pixel size
  ---
  duration_ms: 0.1843
  ...
# Subtest: fractional entered inches are not rounded for deductions or grouping
ok 368 - fractional entered inches are not rounded for deductions or grouping
  ---
  duration_ms: 0.242
  ...
# Subtest: all supported door styles use the entered opening width
ok 369 - all supported door styles use the entered opening width
  ---
  duration_ms: 0.4025
  ...
# Subtest: conflicting legacy widths produce a review warning without rewriting data
ok 370 - conflicting legacy widths produce a review warning without rewriting data
  ---
  duration_ms: 0.3127
  ...
# Subtest: consistent widths and conversion precision do not produce false review warnings
ok 371 - consistent widths and conversion precision do not produce false review warnings
  ---
  duration_ms: 0.5198
  ...
# Subtest: multiple rooms contribute independently and calculations never mutate sketches
ok 372 - multiple rooms contribute independently and calculations never mutate sketches
  ---
  duration_ms: 0.379
  ...
# Subtest: an empty sketch has no material quantities
ok 373 - an empty sketch has no material quantities
  ---
  duration_ms: 8.0323
  ...
# Subtest: known confirmation is explicit, timestamped, detached and repeatable
ok 374 - known confirmation is explicit, timestamped, detached and repeatable
  ---
  duration_ms: 5.4836
  ...
# Subtest: unknown or conflicting measurements cannot be confirmed implicitly
ok 375 - unknown or conflicting measurements cannot be confirmed implicitly
  ---
  duration_ms: 1.4538
  ...
# Subtest: candidate resolution requires an explicit existing index and never chooses the first
ok 376 - candidate resolution requires an explicit existing index and never chooses the first
  ---
  duration_ms: 2.3194
  ...
# Subtest: candidate evidence and returned measurement do not alias the source or event
ok 377 - candidate evidence and returned measurement do not alias the source or event
  ---
  duration_ms: 0.9935
  ...
# Subtest: correction invalidates previous confirmation and retains original evidence in the event
ok 378 - correction invalidates previous confirmation and retains original evidence in the event
  ---
  duration_ms: 0.897
  ...
# Subtest: even a same-value correction resets confirmation; unknown can be filled explicitly
ok 379 - even a same-value correction resets confirmation; unknown can be filled explicitly
  ---
  duration_ms: 0.7675
  ...
# Subtest: corrections require positive known new evidence, with zero allowed only for elevations
ok 380 - corrections require positive known new evidence, with zero allowed only for elevations
  ---
  duration_ms: 1.5032
  ...
# Subtest: actions reject missing/malformed timestamps, unknown actions and extra fields
ok 381 - actions reject missing/malformed timestamps, unknown actions and extra fields
  ---
  duration_ms: 1.065
  ...
# Subtest: room resize returns invalid opening fit without moving openings or changing unrelated evidence
ok 382 - room resize returns invalid opening fit without moving openings or changing unrelated evidence
  ---
  duration_ms: 11.6332
  ...
# Subtest: document actions validate explicit targets and require v2
ok 383 - document actions validate explicit targets and require v2
  ---
  duration_ms: 3.8129
  ...
# Subtest: current readiness clears after resolution and confirmation despite retained historical warnings
ok 384 - current readiness clears after resolution and confirmation despite retained historical warnings
  ---
  duration_ms: 29.0587
  ...
# Subtest: legacy original JSON, unknown metadata and v2 reprocessing survive explicit correction
ok 385 - legacy original JSON, unknown metadata and v2 reprocessing survive explicit correction
  ---
  duration_ms: 5.0782
  ...
# Subtest: history rejects stale revisions and foreign draft identities without consuming either stack
ok 386 - history rejects stale revisions and foreign draft identities without consuming either stack
  ---
  duration_ms: 158.1984
  ...
# Subtest: missing targets, reused domain IDs and mutation of frozen state fail without erasing history
ok 387 - missing targets, reused domain IDs and mutation of frozen state fail without erasing history
  ---
  duration_ms: 89.7954
  ...
# Subtest: failed targeted opening recovery preserves the newer chronological undo entry
ok 388 - failed targeted opening recovery preserves the newer chronological undo entry
  ---
  duration_ms: 88.0253
  ...
# Subtest: correcting and undoing an imported conflict restores exact candidates, provenance and original JSON
ok 389 - correcting and undoing an imported conflict restores exact candidates, provenance and original JSON
  ---
  duration_ms: 54.9963
  ...
# Subtest: undo of an entered imported unknown restores its reason; clear/undo keeps exact retained evidence
ok 390 - undo of an entered imported unknown restores its reason; clear/undo keeps exact retained evidence
  ---
  duration_ms: 71.6932
  ...
# Subtest: old v1/v2 snapshots still verify after correcting, undoing and redoing a confirmed imported value
ok 391 - old v1/v2 snapshots still verify after correcting, undoing and redoing a confirmed imported value
  ---
  duration_ms: 147.228
  ...
# Subtest: explicit measurement/model confirmation and candidate resolution create visible chronological boundaries
ok 392 - explicit measurement/model confirmation and candidate resolution create visible chronological boundaries
  ---
  duration_ms: 214.2929
  ...
# Subtest: undo preserves unrelated raw text and old unit contexts, but blocks the conflicting field until Revert
ok 393 - undo preserves unrelated raw text and old unit contexts, but blocks the conflicting field until Revert
  ---
  duration_ms: 108.2972
  ...
# Subtest: undoing output removal restores its exact request order without overwriting another output raw field
ok 394 - undoing output removal restores its exact request order without overwriting another output raw field
  ---
  duration_ms: 51.4133
  ...
# Subtest: one committed room transaction updates quantities; raw typing and Enter/blur do not add steps
ok 395 - one committed room transaction updates quantities; raw typing and Enter/blur do not add steps
  ---
  duration_ms: 88.2772
  ...
# Subtest: room creation reuses exact IDs on redo, respects active units, and does not copy original source into history
ok 396 - room creation reuses exact IDs on redo, respects active units, and does not copy original source into history
  ---
  duration_ms: 26.6426
  ...
# Subtest: name editing coalesces one explicit session and returning to the initial name leaves no transaction
ok 397 - name editing coalesces one explicit session and returning to the initial name leaves no transaction
  ---
  duration_ms: 50.6644
  ...
# Subtest: clear restores exact known value and unknown again without inventing a shared measurement event
ok 398 - clear restores exact known value and unknown again without inventing a shared measurement event
  ---
  duration_ms: 28.5088
  ...
# Subtest: formerly confirmed correction undo and repeated redo stay unconfirmed with immutable prior evidence
ok 399 - formerly confirmed correction undo and repeated redo stay unconfirmed with immutable prior evidence
  ---
  duration_ms: 71.5781
  ...
# Subtest: model declaration undo appends actual declare transition and never restores a previous approval
ok 400 - model declaration undo appends actual declare transition and never restores a previous approval
  ---
  duration_ms: 35.8177
  ...
# Subtest: opening move and dimension undo retain identity, style, other raw fields and exact physical coordinates
ok 401 - opening move and dimension undo retain identity, style, other raw fields and exact physical coordinates
  ---
  duration_ms: 123.6636
  ...
# Subtest: opening creation and general deletion restore IDs and clean fields in the active metric display
ok 402 - opening creation and general deletion restore IDs and clean fields in the active metric display
  ---
  duration_ms: 65.8495
  ...
# Subtest: zero opening sill is restored as zero, and unknown sill remains unresolved
ok 403 - zero opening sill is restored as zero, and unknown sill remains unresolved
  ---
  duration_ms: 59.5195
  ...
# Subtest: opening appearance and measurement basis are separate reversible committed transactions
ok 404 - opening appearance and measurement basis are separate reversible committed transactions
  ---
  duration_ms: 79.2759
  ...
# Subtest: opening delete restores previous targets only without later scope interaction and preserves later waste raw edits
ok 405 - opening delete restores previous targets only without later scope interaction and preserves later waste raw edits
  ---
  duration_ms: 71.4978
  ...
# Subtest: waste undo is guarded by pending raw; Revert does not erase redo or rewind scope revision
ok 406 - waste undo is guarded by pending raw; Revert does not erase redo or rewind scope revision
  ---
  duration_ms: 23.5737
  ...
# Subtest: scope and policy transactions undo precisely without changing quantities source or unrelated raw waste
ok 407 - scope and policy transactions undo precisely without changing quantities source or unrelated raw waste
  ---
  duration_ms: 82.7722
  ...
# Subtest: a new committed branch clears redo while raw edits, Revert, same-value name and unit switches preserve it
ok 408 - a new committed branch clears redo while raw edits, Revert, same-value name and unit switches preserve it
  ---
  duration_ms: 28.3318
  ...
# Subtest: history is bounded to fifty committed transactions and independently retained per draft
ok 409 - history is bounded to fifty committed transactions and independently retained per draft
  ---
  duration_ms: 730.5807
  ...
# Subtest: recovery retains latest committed state and typed evidence but deliberately starts empty history
ok 410 - recovery retains latest committed state and typed evidence but deliberately starts empty history
  ---
  duration_ms: 36.8817
  ...
# Subtest: failed recovery writes preserve old bytes while accepting memory edit and its Undo/Redo atomically
ok 411 - failed recovery writes preserve old bytes while accepting memory edit and its Undo/Redo atomically
  ---
  duration_ms: 7.709
  ...
# Subtest: corrupt restoration evidence is rejected without overwriting stored bytes
ok 412 - corrupt restoration evidence is rejected without overwriting stored bytes
  ---
  duration_ms: 28.3936
  ...
# Subtest: forged stale source restoration and forged dimension zero fail typed recovery validation
ok 413 - forged stale source restoration and forged dimension zero fail typed recovery validation
  ---
  duration_ms: 12.2238
  ...
# Subtest: existing targeted deletion recovery establishes one explicit boundary after success
ok 414 - existing targeted deletion recovery establishes one explicit boundary after success
  ---
  duration_ms: 39.925
  ...
# Subtest: general Redo of an original delete renews its bounded targeted recovery without creating recovery for Undo creation
ok 415 - general Redo of an original delete renews its bounded targeted recovery without creating recovery for Undo creation
  ---
  duration_ms: 64.3987
  ...
# Subtest: explicit feet and inches use physical millimeters
ok 416 - explicit feet and inches use physical millimeters
  ---
  duration_ms: 4.3899
  ...
# Subtest: compound feet/inches, decimal feet and metric inputs agree
ok 417 - compound feet/inches, decimal feet and metric inputs agree
  ---
  duration_ms: 4.0704
  ...
# Subtest: long unit names, uppercase and decimal metric inputs are explicit
ok 418 - long unit names, uppercase and decimal metric inputs are explicit
  ---
  duration_ms: 0.8702
  ...
# Subtest: fractional inch source and denominator retain intended precision
ok 419 - fractional inch source and denominator retain intended precision
  ---
  duration_ms: 1.1813
  ...
# Subtest: compound fractional inches retain each component and do not snap
ok 420 - compound fractional inches retain each component and do not snap
  ---
  duration_ms: 0.3557
  ...
# Subtest: equal decimal values retain distinct input precision
ok 421 - equal decimal values retain distinct input precision
  ---
  duration_ms: 0.4724
  ...
# Subtest: bare input needs a unit; explicit suffix takes precedence
ok 422 - bare input needs a unit; explicit suffix takes precedence
  ---
  duration_ms: 1.4976
  ...
# Subtest: invalid dimensions reject zero and negative values
ok 423 - invalid dimensions reject zero and negative values
  ---
  duration_ms: 1.3696
  ...
# Subtest: zero elevation and negative presentation coordinate are valid distinct contexts
ok 424 - zero elevation and negative presentation coordinate are valid distinct contexts
  ---
  duration_ms: 5.8751
  ...
# Subtest: unknown values remain explicit and cannot carry a fabricated zero
ok 425 - unknown values remain explicit and cannot carry a fabricated zero
  ---
  duration_ms: 0.5964
  ...
# Subtest: malformed and partially parsed strings fail rather than truncating
ok 426 - malformed and partially parsed strings fail rather than truncating
  ---
  duration_ms: 0.6796
  ...
# Subtest: invalid fractions and fractions in unsupported units reject
ok 427 - invalid fractions and fractions in unsupported units reject
  ---
  duration_ms: 0.6897
  ...
# Subtest: nonfinite, overflow and unrepresentable precision fail explicitly
ok 428 - nonfinite, overflow and unrepresentable precision fail explicitly
  ---
  duration_ms: 1.2725
  ...
# Subtest: formatting rounds display only and requires valid precision
ok 429 - formatting rounds display only and requires valid precision
  ---
  duration_ms: 0.8231
  ...
# Subtest: square units convert separately and never use a length factor once
ok 430 - square units convert separately and never use a length factor once
  ---
  duration_ms: 0.6879
  ...
# Subtest: physical comparison tolerance does not quantize stored values
ok 431 - physical comparison tolerance does not quantize stored values
  ---
  duration_ms: 0.3232
  ...
# Subtest: empty plans have no bounds, while zero extents are left for the viewport to handle
ok 432 - empty plans have no bounds, while zero extents are left for the viewport to handle
  ---
  duration_ms: 1.7354
  ...
# Subtest: negative and distant fractional rooms produce bounds in their actual coordinate system
ok 433 - negative and distant fractional rooms produce bounds in their actual coordinate system
  ---
  duration_ms: 0.2392
  ...
# Subtest: top outswing fits both stored hinge sides using actual door width
ok 434 - top outswing fits both stored hinge sides using actual door width
  ---
  duration_ms: 0.4751
  ...
# Subtest: right outswing fits both stored hinge sides using actual door width
ok 435 - right outswing fits both stored hinge sides using actual door width
  ---
  duration_ms: 0.191
  ...
# Subtest: bottom outswing fits both stored hinge sides using actual door width
ok 436 - bottom outswing fits both stored hinge sides using actual door width
  ---
  duration_ms: 0.1743
  ...
# Subtest: left outswing fits both stored hinge sides using actual door width
ok 437 - left outswing fits both stored hinge sides using actual door width
  ---
  duration_ms: 0.3391
  ...
# Subtest: sliding doors add their real bar bounds without an invisible swing extent
ok 438 - sliding doors add their real bar bounds without an invisible swing extent
  ---
  duration_ms: 0.2696
  ...
# Subtest: large inward swings and bars remain included even when legacy geometry exceeds room extents
ok 439 - large inward swings and bars remain included even when legacy geometry exceeds room extents
  ---
  duration_ms: 0.2313
  ...
# Subtest: legacy doors preserve the rendered40px bar and60px swing, not their conflicting saved size
ok 440 - legacy doors preserve the rendered40px bar and60px swing, not their conflicting saved size
  ---
  duration_ms: 0.2621
  ...
# Subtest: horizontal legacy windows use actual saved width beyond the room, independent of height metadata
ok 441 - horizontal legacy windows use actual saved width beyond the room, independent of height metadata
  ---
  duration_ms: 0.2489
  ...
# Subtest: vertical legacy windows use actual saved width and off-center attachment
ok 442 - vertical legacy windows use actual saved width and off-center attachment
  ---
  duration_ms: 0.1765
  ...
# Subtest: bounds preserve frozen saved rooms, openings, optional fields and custom metadata
ok 443 - bounds preserve frozen saved rooms, openings, optional fields and custom metadata
  ---
  duration_ms: 0.5365
  ...
# Subtest: M2C Q-001: independent known answers for all ten outputs, selected top face and waste
ok 444 - M2C Q-001: independent known answers for all ten outputs, selected top face and waste
  ---
  duration_ms: 55.185
  ...
# Subtest: M2C net walls independently derive gross basis without a separate gross output selection
ok 445 - M2C net walls independently derive gross basis without a separate gross output selection
  ---
  duration_ms: 5.5362
  ...
# Subtest: M2C missing window height preserves floor/gross and labels the 256 sq ft partial net subtotal
ok 446 - M2C missing window height preserves floor/gross and labels the 256 sq ft partial net subtotal
  ---
  duration_ms: 20.201
  ...
# Subtest: M2C known unconfirmed dimensions produce provisional numbers, never confirmed results
ok 447 - M2C known unconfirmed dimensions produce provisional numbers, never confirmed results
  ---
  duration_ms: 14.678
  ...
# Subtest: M2C known measurements marked needs-review remain blocked rather than provisional
ok 448 - M2C known measurements marked needs-review remain blocked rather than provisional
  ---
  duration_ms: 2.5177
  ...
# Subtest: M2C unresolved/conflicting widths block relevant quantities but preserve unrelated floor work
ok 449 - M2C unresolved/conflicting widths block relevant quantities but preserve unrelated floor work
  ---
  duration_ms: 15.618
  ...
# Subtest: M2C no openings and elevated windows preserve gross perimeter floor runs
ok 450 - M2C no openings and elevated windows preserve gross perimeter floor runs
  ---
  duration_ms: 23.2231
  ...
# Subtest: M2C multiple separated zero-sill doors deduct each actual interruption once
ok 451 - M2C multiple separated zero-sill doors deduct each actual interruption once
  ---
  duration_ms: 3.0194
  ...
# Subtest: M2C precise 32-inch door and fractional/metric equivalents retain physical quantities
ok 452 - M2C precise 32-inch door and fractional/metric equivalents retain physical quantities
  ---
  duration_ms: 15.6516
  ...
# Subtest: M2C shared physical door inventory once, deductions and casing per explicitly selected attachment
ok 453 - M2C shared physical door inventory once, deductions and casing per explicitly selected attachment
  ---
  duration_ms: 15.5657
  ...
# Subtest: M2C crown deducts explicit full-height gaps and leaves ordinary openings intact
ok 454 - M2C crown deducts explicit full-height gaps and leaves ordinary openings intact
  ---
  duration_ms: 10.3851
  ...
# Subtest: M2C explicit basis mismatch blocks opening-derived work without rewriting measurements
ok 455 - M2C explicit basis mismatch blocks opening-derived work without rewriting measurements
  ---
  duration_ms: 3.1937
  ...
# Subtest: M2C invalid and duplicate selections are contract errors; empty selections select nothing
ok 456 - M2C invalid and duplicate selections are contract errors; empty selections select nothing
  ---
  duration_ms: 7.5727
  ...
# Subtest: M2C invalid relevant geometry stays unavailable and unrelated floor work remains usable
ok 457 - M2C invalid relevant geometry stays unavailable and unrelated floor work remains usable
  ---
  duration_ms: 18.467
  ...
# Subtest: M2C accepted boundary tolerance intersects effective deductions without changing raw dimensions
ok 458 - M2C accepted boundary tolerance intersects effective deductions without changing raw dimensions
  ---
  duration_ms: 9.4199
  ...
# Subtest: M2C accepted overlap is unioned once in trim and wall rectangles; positive tiny gaps remain gaps
ok 459 - M2C accepted overlap is unioned once in trim and wall rectangles; positive tiny gaps remain gaps
  ---
  duration_ms: 7.8092
  ...
# Subtest: M2C stacked rectangles with a positive vertical gap deduct separate areas without bridging the gap
ok 460 - M2C stacked rectangles with a positive vertical gap deduct separate areas without bridging the gap
  ---
  duration_ms: 3.551
  ...
# Subtest: M2C finite oversized dimensions, product overflow, underflow and waste overflow have structured errors
ok 461 - M2C finite oversized dimensions, product overflow, underflow and waste overflow have structured errors
  ---
  duration_ms: 5.531
  ...
# Subtest: M2C aggregate addition overflow leaves individual rows inspectable without a selected total
ok 462 - M2C aggregate addition overflow leaves individual rows inspectable without a selected total
  ---
  duration_ms: 2.0934
  ...
# Subtest: M2C multi-room allowance and adjusted aggregate sum rows without a second waste application
ok 463 - M2C multi-room allowance and adjusted aggregate sum rows without a second waste application
  ---
  duration_ms: 1.9516
  ...
# Subtest: M2C frozen source remains unchanged; owned results and evidence are deeply detached and frozen
ok 464 - M2C frozen source remains unchanged; owned results and evidence are deeply detached and frozen
  ---
  duration_ms: 35.5945
  ...
# Subtest: M2C viewport/metadata changes do not affect quantities or introduce presentation in results
ok 465 - M2C viewport/metadata changes do not affect quantities or introduce presentation in results
  ---
  duration_ms: 23.6998
  ...
# Subtest: M2C explicit legacy adaptation preserves JSON and idempotency without implicit calculation migration
ok 466 - M2C explicit legacy adaptation preserves JSON and idempotency without implicit calculation migration
  ---
  duration_ms: 4.4669
  ...
# Subtest: M2C malformed/cyclic/nonfinite v2 data returns a contract error, never a fabricated zero
ok 467 - M2C malformed/cyclic/nonfinite v2 data returns a contract error, never a fabricated zero
  ---
  duration_ms: 1.6842
  ...
# Subtest: M2C deterministic properties: valid deductions bounded, waste monotone, sums reconcile, selection order irrelevant
ok 468 - M2C deterministic properties: valid deductions bounded, waste monotone, sums reconcile, selection order irrelevant
  ---
  duration_ms: 575.7614
  ...
# Subtest: M2C result schemas reject unit/status/extra-field tampering and nonfinite quantities
ok 469 - M2C result schemas reject unit/status/extra-field tampering and nonfinite quantities
  ---
  duration_ms: 57.6737
  ...
# Subtest: M2C direct engine rejects accessors and sparse request arrays without invoking getters
ok 470 - M2C direct engine rejects accessors and sparse request arrays without invoking getters
  ---
  duration_ms: 0.6923
  ...
# Subtest: M2C partial subtotal explicitly retains provisional included measurements
ok 471 - M2C partial subtotal explicitly retains provisional included measurements
  ---
  duration_ms: 8.8055
  ...
# Subtest: M2C materially shortened spans at large offsets or elevations block trim, wall and casing quantities
ok 472 - M2C materially shortened spans at large offsets or elevations block trim, wall and casing quantities
  ---
  duration_ms: 3.8966
  ...
# Subtest: M2C ordinary narrow in-bounds openings retain quantities and label roundoff without invented boundary clipping
ok 473 - M2C ordinary narrow in-bounds openings retain quantities and label roundoff without invented boundary clipping
  ---
  duration_ms: 2.6644
  ...
# Subtest: M2C fully absorbed waste and aggregate contributions return arithmetic precision errors
ok 474 - M2C fully absorbed waste and aggregate contributions return arithmetic precision errors
  ---
  duration_ms: 1.5676
  ...
# Subtest: M2C fully absorbed nonzero deductions are unavailable rather than silently omitted
ok 475 - M2C fully absorbed nonzero deductions are unavailable rather than silently omitted
  ---
  duration_ms: 1.0059
  ...
# Subtest: M2C narrow M2B regression: large-coordinate exact spans do not inflate the 0.01mm overrun tolerance
ok 476 - M2C narrow M2B regression: large-coordinate exact spans do not inflate the 0.01mm overrun tolerance
  ---
  duration_ms: 1.2523
  ...
# Subtest: M2C narrow M2B regression: large-coordinate exact spans do not inflate the floor overlap tolerance
ok 477 - M2C narrow M2B regression: large-coordinate exact spans do not inflate the floor overlap tolerance
  ---
  duration_ms: 1.3908
  ...
# Subtest: Q-001 has sufficient valid confirmed dependencies for all selected quantities, without totals
ok 478 - Q-001 has sufficient valid confirmed dependencies for all selected quantities, without totals
  ---
  duration_ms: 15.8706
  ...
# Subtest: missing ceiling height does not block floor, flat ceiling, floor trim or ordinary crown
ok 479 - missing ceiling height does not block floor, flat ceiling, floor trim or ordinary crown
  ---
  duration_ms: 3.7169
  ...
# Subtest: missing window height blocks its net face but not gross area or floor-level runs
ok 480 - missing window height blocks its net face but not gross area or floor-level runs
  ---
  duration_ms: 3.446
  ...
# Subtest: unknown sill cannot be assumed elevated; known elevated windows do not need width for floor runs
ok 481 - unknown sill cannot be assumed elevated; known elevated windows do not need width for floor runs
  ---
  duration_ms: 15.6035
  ...
# Subtest: unresolved door width blocks only selected width-dependent work
ok 482 - unresolved door width blocks only selected width-dependent work
  ---
  duration_ms: 3.0192
  ...
# Subtest: numeric availability, invalid geometry and confirmation remain independent
ok 483 - numeric availability, invalid geometry and confirmation remain independent
  ---
  duration_ms: 4.8974
  ...
# Subtest: known measurement carrying needs-review provenance stays numerically available but unresolved
ok 484 - known measurement carrying needs-review provenance stays numerically available but unresolved
  ---
  duration_ms: 3.4168
  ...
# Subtest: missing dimensions on an unselected wall/room do not block selected work
ok 485 - missing dimensions on an unselected wall/room do not block selected work
  ---
  duration_ms: 4.1224
  ...
# Subtest: floor-level width and sill suffice for trim even when opening height is unknown
ok 486 - floor-level width and sill suffice for trim even when opening height is unknown
  ---
  duration_ms: 2.3781
  ...
# Subtest: overlapping floor interruptions have a local interval error without requiring heights
ok 487 - overlapping floor interruptions have a local interval error without requiring heights
  ---
  duration_ms: 3.2036
  ...
# Subtest: explicit floor-level kind with elevated sill invalidates floor-run classification
ok 488 - explicit floor-level kind with elevated sill invalidates floor-run classification
  ---
  duration_ms: 2.1305
  ...
# Subtest: crown ignores ordinary openings and validates only explicitly selected full-height gaps
ok 489 - crown ignores ordinary openings and validates only explicitly selected full-height gaps
  ---
  duration_ms: 10.8632
  ...
# Subtest: shared opening supplies one identity basis and two independent selected deduction/casing faces
ok 490 - shared opening supplies one identity basis and two independent selected deduction/casing faces
  ---
  duration_ms: 2.4293
  ...
# Subtest: inventory needs identities, not dimensions, and rejects unsupported same-room shared relationships
ok 491 - inventory needs identities, not dimensions, and rejects unsupported same-room shared relationships
  ---
  duration_ms: 2.5189
  ...
# Subtest: casing reports exact neighboring opening whose missing extent prevents overlap validation
ok 492 - casing reports exact neighboring opening whose missing extent prevents overlap validation
  ---
  duration_ms: 4.223
  ...
# Subtest: empty scopes stay empty for every selection type
ok 493 - empty scopes stay empty for every selection type
  ---
  duration_ms: 1.7972
  ...
# Subtest: invalid IDs, repeated IDs/outputs, wrong kinds and unattached casing faces are errors
ok 494 - invalid IDs, repeated IDs/outputs, wrong kinds and unattached casing faces are errors
  ---
  duration_ms: 3.7736
  ...
# Subtest: unsupported policy, document mismatch and malformed options fail without rewriting history
ok 495 - unsupported policy, document mismatch and malformed options fail without rewriting history
  ---
  duration_ms: 1.7935
  ...
# Subtest: waste is explicit decimal fraction, finite and nonnegative, without applying it
ok 496 - waste is explicit decimal fraction, finite and nonnegative, without applying it
  ---
  duration_ms: 5.0163
  ...
# Subtest: nominal, clear, finished and rough bases stay distinct and are never converted
ok 497 - nominal, clear, finished and rough bases stay distinct and are never converted
  ---
  duration_ms: 5.4537
  ...
# Subtest: malformed v2 produces detailed structural errors rather than a readiness claim
ok 498 - malformed v2 produces detailed structural errors rather than a readiness claim
  ---
  duration_ms: 5.5888
  ...
# Subtest: frozen request and document produce repeatable detached readiness without history blockers
ok 499 - frozen request and document produce repeatable detached readiness without history blockers
  ---
  duration_ms: 4.9966
  ...
# Subtest: floor-run overlap uses endpoint magnitudes at the 0.01mm tolerance boundary
ok 500 - floor-run overlap uses endpoint magnitudes at the 0.01mm tolerance boundary
  ---
  duration_ms: 7.0174
  ...
# Subtest: unknown ceiling on the other shared face does not block selected known face
ok 501 - unknown ceiling on the other shared face does not block selected known face
  ---
  duration_ms: 1.5371
  ...
# Subtest: canonical JSON sorts object keys by UTF-16, preserves arrays and special own keys
ok 502 - canonical JSON sorts object keys by UTF-16, preserves arrays and special own keys
  ---
  duration_ms: 2.617
  ...
# Subtest: canonical JSON rejects coercion, sparse arrays, accessors, cycles and excess depth
ok 503 - canonical JSON rejects coercion, sparse arrays, accessors, cycles and excess depth
  ---
  duration_ms: 1.1344
  ...
# Subtest: platform SHA-256 matches independent Node crypto over the documented canonical bytes
ok 504 - platform SHA-256 matches independent Node crypto over the documented canonical bytes
  ---
  duration_ms: 8.1329
  ...
# Subtest: calculation content/fingerprints repeat without fabricating a saved revision
ok 505 - calculation content/fingerprints repeat without fabricating a saved revision
  ---
  duration_ms: 105.5502
  ...
# Subtest: viewport, presentation, names, arbitrary metadata and legacy original do not change calculation fingerprints
ok 506 - viewport, presentation, names, arbitrary metadata and legacy original do not change calculation fingerprints
  ---
  duration_ms: 48.9384
  ...
# Subtest: geometry changes change both hashes; provenance/confirmation change only content hash
ok 507 - geometry changes change both hashes; provenance/confirmation change only content hash
  ---
  duration_ms: 98.245
  ...
# Subtest: selection, waste, opening basis and source identity are bound to calculation content
ok 508 - selection, waste, opening basis and source identity are bound to calculation content
  ---
  duration_ms: 11.6769
  ...
# Subtest: object insertion order is irrelevant to calculation fingerprints
ok 509 - object insertion order is irrelevant to calculation fingerprints
  ---
  duration_ms: 32.3982
  ...
# Subtest: snapshot owns stable frozen source/result copies and captures before the first asynchronous hash
ok 510 - snapshot owns stable frozen source/result copies and captures before the first asynchronous hash
  ---
  duration_ms: 72.4494
  ...
# Subtest: snapshot IDs/timestamps do not change deterministic calculation content
ok 511 - snapshot IDs/timestamps do not change deterministic calculation content
  ---
  duration_ms: 52.6756
  ...
# Subtest: confirmed snapshots reject provisional, blocked, empty and known-needs-review selections
ok 512 - confirmed snapshots reject provisional, blocked, empty and known-needs-review selections
  ---
  duration_ms: 17.7974
  ...
# Subtest: confirmation gate applies only selected outputs; inventory explicitly needs no dimension confirmation
ok 513 - confirmation gate applies only selected outputs; inventory explicitly needs no dimension confirmation
  ---
  duration_ms: 5.7413
  ...
# Subtest: snapshot validates metadata and version, and independently detects quantity/source tampering
ok 514 - snapshot validates metadata and version, and independently detects quantity/source tampering
  ---
  duration_ms: 92.0314
  ...
# Subtest: legacy originals and supplied measurement action evidence are detached and retained in snapshots
ok 515 - legacy originals and supplied measurement action evidence are detached and retained in snapshots
  ---
  duration_ms: 8.751
  ...
# Subtest: display formatting is explicit and never changes canonical engine amounts
ok 516 - display formatting is explicit and never changes canonical engine amounts
  ---
  duration_ms: 6.2137
  ...
# Subtest: snapshot rejects impossible or target-incompatible measurement events
ok 517 - snapshot rejects impossible or target-incompatible measurement events
  ---
  duration_ms: 28.6665
  ...
# Subtest: Quick Rooms starts with no verified zero project or invented dimensions
ok 518 - Quick Rooms starts with no verified zero project or invented dimensions
  ---
  duration_ms: 25.1788
  ...
# Subtest: entered 12x10x8 uses the real engine for 120 floor, 120 ceiling and 352 gross walls
ok 519 - entered 12x10x8 uses the real engine for 120 floor, 120 ceiling and 352 gross walls
  ---
  duration_ms: 23.5228
  ...
# Subtest: clearing ceiling height keeps floor and ceiling available, gross walls unavailable
ok 520 - clearing ceiling height keeps floor and ceiling available, gross walls unavailable
  ---
  duration_ms: 16.0709
  ...
# Subtest: invalid visible edits mask stale dependent values without mutating canonical measurements
ok 521 - invalid visible edits mask stale dependent values without mutating canonical measurements
  ---
  duration_ms: 16.0966
  ...
# Subtest: valid but uncommitted text and blank typing also hide prior totals
ok 522 - valid but uncommitted text and blank typing also hide prior totals
  ---
  duration_ms: 10.619
  ...
# Subtest: zero, negative, exponent and invalid fractions never become valid dimensions
ok 523 - zero, negative, exponent and invalid fractions never become valid dimensions
  ---
  duration_ms: 33.1316
  ...
# Subtest: equivalent imperial and metric syntax preserves the same 3810 mm length
ok 524 - equivalent imperial and metric syntax preserves the same 3810 mm length
  ---
  duration_ms: 1.8622
  ...
# Subtest: fractional text is not reformatted on typing or commit
ok 525 - fractional text is not reformatted on typing or commit
  ---
  duration_ms: 0.7295
  ...
# Subtest: Enter plus blur commits once and repeating unchanged edits is a no-op
ok 526 - Enter plus blur commits once and repeating unchanged edits is a no-op
  ---
  duration_ms: 1.0215
  ...
# Subtest: committed unit changes change presentation only and retain original provenance
ok 527 - committed unit changes change presentation only and retain original provenance
  ---
  duration_ms: 11.6611
  ...
# Subtest: an unresolved bare value retains feet context when project display changes to meters
ok 528 - an unresolved bare value retains feet context when project display changes to meters
  ---
  duration_ms: 4.8991
  ...
# Subtest: clearing an old-unit edit releases its context before a new bare metric measurement
ok 529 - clearing an old-unit edit releases its context before a new bare metric measurement
  ---
  duration_ms: 2.0693
  ...
# Subtest: resolving an old-unit edit converts presentation to the selected unit while retaining parsed evidence
ok 530 - resolving an old-unit edit converts presentation to the selected unit while retaining parsed evidence
  ---
  duration_ms: 2.3667
  ...
# Subtest: new metric fields use metric context without affecting older dirty fields
ok 531 - new metric fields use metric context without affecting older dirty fields
  ---
  duration_ms: 0.7191
  ...
# Subtest: duplicate creates independent IDs and state; editing its length yields project 270 and 752
ok 532 - duplicate creates independent IDs and state; editing its length yields project 270 and 752
  ---
  duration_ms: 23.6953
  ...
# Subtest: duplicate resets known confirmation, preserves unresolved candidates and clones presentation
ok 533 - duplicate resets known confirmation, preserves unresolved candidates and clones presentation
  ---
  duration_ms: 2.6502
  ...
# Subtest: duplicate preserves incomplete form context and masks copied stale values
ok 534 - duplicate preserves incomplete form context and masks copied stale values
  ---
  duration_ms: 5.6819
  ...
# Subtest: unsupported openings and future physical properties are rejected without lossy duplication
ok 535 - unsupported openings and future physical properties are rejected without lossy duplication
  ---
  duration_ms: 3.7196
  ...
# Subtest: room ID collisions include existing wall IDs and never mutate the input
ok 536 - room ID collisions include existing wall IDs and never mutate the input
  ---
  duration_ms: 5.9815
  ...
# Subtest: rename and intended removal affect only the selected room while retaining action evidence
ok 537 - rename and intended removal affect only the selected room while retaining action evidence
  ---
  duration_ms: 2.8552
  ...
# Subtest: preview is detached and only selects room-only zero-waste quantities
ok 538 - preview is detached and only selects room-only zero-waste quantities
  ---
  duration_ms: 1.8262
  ...
# Subtest: storage round-trip retains raw edits, unit contexts and action evidence without quantity totals
ok 539 - storage round-trip retains raw edits, unit contexts and action evidence without quantity totals
  ---
  duration_ms: 8.4656
  ...
# Subtest: unit-switched clean presentation recovers without rescaling or confirming canonical dimensions
ok 540 - unit-switched clean presentation recovers without rescaling or confirming canonical dimensions
  ---
  duration_ms: 8.6767
  ...
# Subtest: missing, corrupt, unsupported and future cache contents are classified without rewriting
ok 541 - missing, corrupt, unsupported and future cache contents are classified without rewriting
  ---
  duration_ms: 2.3877
  ...
# Subtest: cache rejects nonfinite measurements, stale field sets and duplicate physical IDs
ok 542 - cache rejects nonfinite measurements, stale field sets and duplicate physical IDs
  ---
  duration_ms: 8.038
  ...
# Subtest: cache never trusts forged clean flags while visible text disagrees with canonical values
ok 543 - cache never trusts forged clean flags while visible text disagrees with canonical values
  ---
  duration_ms: 11.4956
  ...
# Subtest: cache rejects restored confirmation and identified revisions instead of implying authority
ok 544 - cache rejects restored confirmation and identified revisions instead of implying authority
  ---
  duration_ms: 4.8519
  ...
# Subtest: cache validates captured actions with existing replay rules
ok 545 - cache validates captured actions with existing replay rules
  ---
  duration_ms: 4.8744
  ...
# Subtest: cache rejects unsupported content instead of dropping it, including document extras
ok 546 - cache rejects unsupported content instead of dropping it, including document extras
  ---
  duration_ms: 4.6054
  ...
# Subtest: serialization rejects cyclic/exotic input rather than omitting or coercing original data
ok 547 - serialization rejects cyclic/exotic input rather than omitting or coercing original data
  ---
  duration_ms: 3.7413
  ...
# Subtest: historical correction evidence survives clearing and removing its original target
ok 548 - historical correction evidence survives clearing and removing its original target
  ---
  duration_ms: 3.8923
  ...
# Subtest: explicit groups expand without merging touching ungrouped rooms or opening identity
ok 549 - explicit groups expand without merging touching ungrouped rooms or opening identity
  ---
  duration_ms: 1.5903
  ...
# Subtest: group deletion undo restores every member and opening without replacing later unrelated edits
ok 550 - group deletion undo restores every member and opening without replacing later unrelated edits
  ---
  duration_ms: 0.337
  ...
# Subtest: legacy API validates optional group and window metadata without changing old sketches
ok 551 - legacy API validates optional group and window metadata without changing old sketches
  ---
  duration_ms: 4.7855
  ...
1..551
# tests 551
# suites 0
# pass 551
# fail 0
# cancelled 0
# skipped 0
# todo 0
# duration_ms 4492.5687
